Driver,Lap Number,Lap Time,Position,Time,Sector 1,Sector 2,Sector 3
VER,1.0,0 days 00:01:27.191000,18.0,0 days 00:58:21.863000,,0 days 00:00:39.288000,0 days 00:00:17.131000
VER,2.0,0 days 00:02:00.413000,17.0,0 days 01:00:22.276000,0 days 00:00:21.320000,0 days 00:01:15.859000,0 days 00:00:23.234000
VER,3.0,0 days 00:01:49.007000,16.0,0 days 01:02:11.283000,0 days 00:00:21.675000,0 days 00:00:58.682000,0 days 00:00:28.650000
VER,4.0,0 days 00:01:46.620000,16.0,0 days 01:03:57.903000,0 days 00:00:25.318000,0 days 00:00:59.748000,0 days 00:00:21.554000
VER,5.0,0 days 00:01:47.889000,16.0,0 days 01:05:45.792000,0 days 00:00:30.078000,0 days 00:00:50.463000,0 days 00:00:27.348000
VER,6.0,0 days 00:01:18.495000,13.0,0 days 01:07:04.287000,0 days 00:00:20.374000,0 days 00:00:40.996000,0 days 00:00:17.125000
VER,7.0,0 days 00:01:47.461000,17.0,0 days 01:08:51.748000,0 days 00:00:34.453000,0 days 00:00:45.325000,0 days 00:00:27.683000
VER,8.0,0 days 00:01:44.348000,18.0,0 days 01:10:36.096000,0 days 00:00:37.366000,0 days 00:00:49.826000,0 days 00:00:17.156000
VER,9.0,0 days 00:01:13.141000,16.0,0 days 01:11:49.237000,0 days 00:00:18.886000,0 days 00:00:37.345000,0 days 00:00:16.910000
VER,10.0,0 days 00:01:13.049000,16.0,0 days 01:13:02.286000,0 days 00:00:18.826000,0 days 00:00:37.385000,0 days 00:00:16.838000
VER,11.0,0 days 00:01:13.735000,16.0,0 days 01:14:16.021000,0 days 00:00:18.826000,0 days 00:00:38.060000,0 days 00:00:16.849000
VER,12.0,0 days 00:01:14.816000,16.0,0 days 01:15:30.837000,0 days 00:00:18.756000,0 days 00:00:39.077000,0 days 00:00:16.983000
VER,13.0,0 days 00:01:15.065000,14.0,0 days 01:16:45.902000,0 days 00:00:18.894000,0 days 00:00:39.130000,0 days 00:00:17.041000
VER,14.0,0 days 00:01:15.081000,14.0,0 days 01:18:00.983000,0 days 00:00:18.939000,0 days 00:00:39.121000,0 days 00:00:17.021000
VER,15.0,0 days 00:01:15.354000,13.0,0 days 01:19:16.337000,0 days 00:00:18.970000,0 days 00:00:39.334000,0 days 00:00:17.050000
VER,16.0,0 days 00:01:15.725000,13.0,0 days 01:20:32.062000,0 days 00:00:19.265000,0 days 00:00:39.450000,0 days 00:00:17.010000
VER,17.0,0 days 00:01:15.809000,10.0,0 days 01:21:47.871000,0 days 00:00:19.193000,0 days 00:00:39.654000,0 days 00:00:16.962000
VER,18.0,0 days 00:01:15.048000,8.0,0 days 01:23:02.919000,0 days 00:00:19.075000,0 days 00:00:38.831000,0 days 00:00:17.142000
VER,19.0,0 days 00:01:15.170000,6.0,0 days 01:24:18.089000,0 days 00:00:19.017000,0 days 00:00:38.986000,0 days 00:00:17.167000
VER,20.0,0 days 00:01:15.162000,6.0,0 days 01:25:33.251000,0 days 00:00:18.968000,0 days 00:00:39.047000,0 days 00:00:17.147000
VER,21.0,0 days 00:01:14.829000,5.0,0 days 01:26:48.080000,0 days 00:00:18.968000,0 days 00:00:38.683000,0 days 00:00:17.178000
VER,22.0,0 days 00:01:14.948000,4.0,0 days 01:28:03.028000,0 days 00:00:19.159000,0 days 00:00:38.608000,0 days 00:00:17.181000
VER,23.0,0 days 00:01:14.727000,4.0,0 days 01:29:17.755000,0 days 00:00:19.096000,0 days 00:00:38.472000,0 days 00:00:17.159000
VER,24.0,0 days 00:01:14.769000,4.0,0 days 01:30:32.524000,0 days 00:00:18.994000,0 days 00:00:38.611000,0 days 00:00:17.164000
VER,25.0,0 days 00:01:14.828000,4.0,0 days 01:31:47.352000,0 days 00:00:19.019000,0 days 00:00:38.630000,0 days 00:00:17.179000
VER,26.0,0 days 00:01:15.193000,4.0,0 days 01:33:02.545000,0 days 00:00:19.298000,0 days 00:00:38.717000,0 days 00:00:17.178000
VER,27.0,0 days 00:01:14.912000,4.0,0 days 01:34:17.457000,0 days 00:00:19.078000,0 days 00:00:38.538000,0 days 00:00:17.296000
VER,28.0,0 days 00:01:15.306000,4.0,0 days 01:35:32.763000,0 days 00:00:19.070000,0 days 00:00:38.898000,0 days 00:00:17.338000
VER,29.0,0 days 00:01:15.165000,4.0,0 days 01:36:47.928000,0 days 00:00:19.136000,0 days 00:00:38.790000,0 days 00:00:17.239000
VER,30.0,0 days 00:01:14.965000,4.0,0 days 01:38:02.893000,0 days 00:00:19.136000,0 days 00:00:38.620000,0 days 00:00:17.209000
VER,31.0,0 days 00:01:15.164000,3.0,0 days 01:39:18.057000,0 days 00:00:19.161000,0 days 00:00:38.783000,0 days 00:00:17.220000
VER,32.0,0 days 00:01:15.330000,4.0,0 days 01:40:33.387000,0 days 00:00:19.078000,0 days 00:00:38.937000,0 days 00:00:17.315000
VER,33.0,0 days 00:01:16.145000,4.0,0 days 01:41:49.532000,0 days 00:00:19.640000,0 days 00:00:39.271000,0 days 00:00:17.234000
VER,34.0,0 days 00:01:19.344000,5.0,0 days 01:43:08.876000,0 days 00:00:19.175000,0 days 00:00:38.975000,0 days 00:00:21.194000
VER,35.0,0 days 00:01:31.337000,11.0,0 days 01:44:40.213000,0 days 00:00:36.894000,0 days 00:00:37.657000,0 days 00:00:16.786000
VER,36.0,0 days 00:01:13.307000,9.0,0 days 01:45:53.520000,0 days 00:00:18.622000,0 days 00:00:37.780000,0 days 00:00:16.905000
VER,37.0,0 days 00:01:14.006000,6.0,0 days 01:47:07.526000,0 days 00:00:18.594000,0 days 00:00:38.588000,0 days 00:00:16.824000
VER,38.0,0 days 00:01:13.528000,6.0,0 days 01:48:21.054000,0 days 00:00:18.814000,0 days 00:00:37.804000,0 days 00:00:16.910000
VER,39.0,0 days 00:01:13.586000,5.0,0 days 01:49:34.640000,0 days 00:00:18.815000,0 days 00:00:37.870000,0 days 00:00:16.901000
VER,40.0,0 days 00:01:13.678000,5.0,0 days 01:50:48.318000,0 days 00:00:18.741000,0 days 00:00:38.017000,0 days 00:00:16.920000
VER,41.0,0 days 00:01:13.659000,5.0,0 days 01:52:01.977000,0 days 00:00:18.811000,0 days 00:00:37.889000,0 days 00:00:16.959000
VER,42.0,0 days 00:01:13.689000,4.0,0 days 01:53:15.666000,0 days 00:00:18.825000,0 days 00:00:37.906000,0 days 00:00:16.958000
VER,43.0,0 days 00:01:13.415000,4.0,0 days 01:54:29.081000,0 days 00:00:18.728000,0 days 00:00:37.773000,0 days 00:00:16.914000
VER,44.0,0 days 00:01:13.552000,4.0,0 days 01:55:42.633000,0 days 00:00:18.809000,0 days 00:00:37.761000,0 days 00:00:16.982000
VER,45.0,0 days 00:01:13.844000,4.0,0 days 01:56:56.477000,0 days 00:00:18.844000,0 days 00:00:38.033000,0 days 00:00:16.967000
VER,46.0,0 days 00:01:13.843000,4.0,0 days 01:58:10.320000,0 days 00:00:18.833000,0 days 00:00:38.014000,0 days 00:00:16.996000
VER,47.0,0 days 00:01:14.022000,4.0,0 days 01:59:24.342000,0 days 00:00:18.842000,0 days 00:00:38.237000,0 days 00:00:16.943000
VER,48.0,0 days 00:01:13.810000,2.0,0 days 02:00:38.152000,0 days 00:00:18.969000,0 days 00:00:37.871000,0 days 00:00:16.970000
VER,49.0,0 days 00:01:13.717000,2.0,0 days 02:01:51.869000,0 days 00:00:18.821000,0 days 00:00:37.908000,0 days 00:00:16.988000
VER,50.0,0 days 00:01:13.848000,2.0,0 days 02:03:05.717000,0 days 00:00:18.865000,0 days 00:00:37.969000,0 days 00:00:17.014000
VER,51.0,0 days 00:01:13.658000,1.0,0 days 02:04:19.375000,0 days 00:00:18.868000,0 days 00:00:37.817000,0 days 00:00:16.973000
VER,52.0,0 days 00:01:13.992000,1.0,0 days 02:05:33.367000,0 days 00:00:18.864000,0 days 00:00:38.061000,0 days 00:00:17.067000
VER,53.0,0 days 00:01:14.128000,1.0,0 days 02:06:47.495000,0 days 00:00:18.906000,0 days 00:00:38.169000,0 days 00:00:17.053000
VER,54.0,0 days 00:01:17.514000,1.0,0 days 02:08:05.009000,0 days 00:00:18.817000,0 days 00:00:38.042000,0 days 00:00:20.655000
VER,55.0,0 days 00:01:30.317000,4.0,0 days 02:09:35.326000,0 days 00:00:36.840000,0 days 00:00:36.746000,0 days 00:00:16.731000
VER,56.0,0 days 00:01:12.447000,4.0,0 days 02:10:47.773000,0 days 00:00:18.492000,0 days 00:00:37.232000,0 days 00:00:16.723000
VER,57.0,0 days 00:01:12.582000,4.0,0 days 02:12:00.355000,0 days 00:00:18.592000,0 days 00:00:37.284000,0 days 00:00:16.706000
VER,58.0,0 days 00:01:12.966000,4.0,0 days 02:13:13.321000,0 days 00:00:18.690000,0 days 00:00:37.550000,0 days 00:00:16.726000
VER,59.0,0 days 00:01:12.833000,4.0,0 days 02:14:26.154000,0 days 00:00:18.734000,0 days 00:00:37.403000,0 days 00:00:16.696000
VER,60.0,0 days 00:01:13.212000,4.0,0 days 02:15:39.366000,0 days 00:00:18.695000,0 days 00:00:37.693000,0 days 00:00:16.824000
VER,61.0,0 days 00:01:13.136000,4.0,0 days 02:16:52.502000,0 days 00:00:18.837000,0 days 00:00:37.611000,0 days 00:00:16.688000
VER,62.0,0 days 00:01:13.296000,4.0,0 days 02:18:05.798000,0 days 00:00:18.583000,0 days 00:00:38.109000,0 days 00:00:16.604000
VER,63.0,0 days 00:01:13.401000,3.0,0 days 02:19:19.199000,0 days 00:00:18.918000,0 days 00:00:37.622000,0 days 00:00:16.861000
VER,64.0,0 days 00:01:13.216000,3.0,0 days 02:20:32.415000,0 days 00:00:18.777000,0 days 00:00:37.593000,0 days 00:00:16.846000
VER,65.0,0 days 00:01:13.124000,3.0,0 days 02:21:45.539000,0 days 00:00:18.671000,0 days 00:00:37.562000,0 days 00:00:16.891000
VER,66.0,0 days 00:01:13.469000,3.0,0 days 02:22:59.008000,0 days 00:00:18.747000,0 days 00:00:37.821000,0 days 00:00:16.901000
VER,67.0,0 days 00:01:13.463000,3.0,0 days 02:24:12.471000,0 days 00:00:18.825000,0 days 00:00:37.919000,0 days 00:00:16.719000
VER,68.0,0 days 00:01:13.536000,3.0,0 days 02:25:26.007000,0 days 00:00:18.697000,0 days 00:00:38.075000,0 days 00:00:16.764000
VER,69.0,0 days 00:01:13.472000,3.0,0 days 02:26:39.479000,0 days 00:00:18.660000,0 days 00:00:38.091000,0 days 00:00:16.721000
VER,70.0,0 days 00:01:13.840000,3.0,0 days 02:27:53.319000,0 days 00:00:18.710000,0 days 00:00:38.227000,0 days 00:00:16.903000
VER,71.0,0 days 00:01:13.699000,3.0,0 days 02:29:07.018000,0 days 00:00:18.807000,0 days 00:00:38.150000,0 days 00:00:16.742000
GAS,1.0,0 days 00:01:23.216000,8.0,0 days 00:58:17.888000,,0 days 00:00:40.271000,0 days 00:00:17.230000
GAS,2.0,0 days 00:01:51.215000,9.0,0 days 01:00:09.103000,0 days 00:00:19.714000,0 days 00:01:10.783000,0 days 00:00:20.718000
GAS,3.0,0 days 00:01:52.063000,9.0,0 days 01:02:01.166000,0 days 00:00:25.493000,0 days 00:01:01.535000,0 days 00:00:25.035000
GAS,4.0,0 days 00:01:48.619000,9.0,0 days 01:03:49.785000,0 days 00:00:26.554000,0 days 00:00:59.503000,0 days 00:00:22.562000
GAS,5.0,0 days 00:01:54.339000,9.0,0 days 01:05:44.124000,0 days 00:00:29.939000,0 days 00:00:54.130000,0 days 00:00:30.270000
GAS,6.0,0 days 00:01:18.106000,8.0,0 days 01:07:02.230000,0 days 00:00:20.739000,0 days 00:00:40.298000,0 days 00:00:17.069000
GAS,7.0,0 days 00:01:43.042000,8.0,0 days 01:08:45.272000,0 days 00:00:31.585000,0 days 00:00:47.266000,0 days 00:00:24.191000
GAS,8.0,0 days 00:01:39.247000,8.0,0 days 01:10:24.519000,0 days 00:00:27.337000,0 days 00:00:52.648000,0 days 00:00:19.262000
GAS,9.0,0 days 00:01:15.653000,8.0,0 days 01:11:40.172000,0 days 00:00:20.056000,0 days 00:00:38.815000,0 days 00:00:16.782000
GAS,10.0,0 days 00:01:14.707000,8.0,0 days 01:12:54.879000,0 days 00:00:19.183000,0 days 00:00:38.641000,0 days 00:00:16.883000
GAS,11.0,0 days 00:01:14.672000,8.0,0 days 01:14:09.551000,0 days 00:00:19.054000,0 days 00:00:38.636000,0 days 00:00:16.982000
GAS,12.0,0 days 00:01:15.674000,8.0,0 days 01:15:25.225000,0 days 00:00:19.183000,0 days 00:00:39.393000,0 days 00:00:17.098000
GAS,13.0,0 days 00:01:16.208000,8.0,0 days 01:16:41.433000,0 days 00:00:19.394000,0 days 00:00:39.631000,0 days 00:00:17.183000
GAS,14.0,0 days 00:01:15.919000,8.0,0 days 01:17:57.352000,0 days 00:00:19.394000,0 days 00:00:39.356000,0 days 00:00:17.169000
GAS,15.0,0 days 00:01:15.877000,8.0,0 days 01:19:13.229000,0 days 00:00:19.333000,0 days 00:00:39.328000,0 days 00:00:17.216000
GAS,16.0,0 days 00:01:15.955000,8.0,0 days 01:20:29.184000,0 days 00:00:19.438000,0 days 00:00:39.293000,0 days 00:00:17.224000
GAS,17.0,0 days 00:01:16.148000,7.0,0 days 01:21:45.332000,0 days 00:00:19.364000,0 days 00:00:39.613000,0 days 00:00:17.171000
GAS,18.0,0 days 00:01:19.740000,11.0,0 days 01:23:05.072000,0 days 00:00:19.223000,0 days 00:00:39.232000,0 days 00:00:21.285000
GAS,19.0,0 days 00:01:32.147000,16.0,0 days 01:24:37.219000,0 days 00:00:37.513000,0 days 00:00:37.952000,0 days 00:00:16.682000
GAS,20.0,0 days 00:01:14.027000,15.0,0 days 01:25:51.246000,0 days 00:00:18.986000,0 days 00:00:38.352000,0 days 00:00:16.689000
GAS,21.0,0 days 00:01:14.870000,15.0,0 days 01:27:06.116000,0 days 00:00:18.995000,0 days 00:00:38.927000,0 days 00:00:16.948000
GAS,22.0,0 days 00:01:14.657000,14.0,0 days 01:28:20.773000,0 days 00:00:18.970000,0 days 00:00:38.722000,0 days 00:00:16.965000
GAS,23.0,0 days 00:01:14.229000,14.0,0 days 01:29:35.002000,0 days 00:00:18.961000,0 days 00:00:38.379000,0 days 00:00:16.889000
GAS,24.0,0 days 00:01:14.780000,14.0,0 days 01:30:49.782000,0 days 00:00:19.102000,0 days 00:00:38.615000,0 days 00:00:17.063000
GAS,25.0,0 days 00:01:14.799000,13.0,0 days 01:32:04.581000,0 days 00:00:19.144000,0 days 00:00:38.520000,0 days 00:00:17.135000
GAS,26.0,0 days 00:01:14.739000,13.0,0 days 01:33:19.320000,0 days 00:00:19.107000,0 days 00:00:38.743000,0 days 00:00:16.889000
GAS,27.0,0 days 00:01:16.199000,13.0,0 days 01:34:35.519000,0 days 00:00:19.387000,0 days 00:00:39.738000,0 days 00:00:17.074000
GAS,28.0,0 days 00:01:15.264000,13.0,0 days 01:35:50.783000,0 days 00:00:19.280000,0 days 00:00:38.944000,0 days 00:00:17.040000
GAS,29.0,0 days 00:01:15.119000,10.0,0 days 01:37:05.902000,0 days 00:00:19.150000,0 days 00:00:38.984000,0 days 00:00:16.985000
GAS,30.0,0 days 00:01:15.170000,10.0,0 days 01:38:21.072000,0 days 00:00:19.219000,0 days 00:00:38.950000,0 days 00:00:17.001000
GAS,31.0,0 days 00:01:15.137000,10.0,0 days 01:39:36.209000,0 days 00:00:19.108000,0 days 00:00:39.058000,0 days 00:00:16.971000
GAS,32.0,0 days 00:01:15.102000,10.0,0 days 01:40:51.311000,0 days 00:00:19.194000,0 days 00:00:38.776000,0 days 00:00:17.132000
GAS,33.0,0 days 00:01:14.737000,10.0,0 days 01:42:06.048000,0 days 00:00:18.984000,0 days 00:00:38.723000,0 days 00:00:17.030000
GAS,34.0,0 days 00:01:15.769000,10.0,0 days 01:43:21.817000,0 days 00:00:19.162000,0 days 00:00:39.601000,0 days 00:00:17.006000
GAS,35.0,0 days 00:01:15.672000,8.0,0 days 01:44:37.489000,0 days 00:00:19.166000,0 days 00:00:39.486000,0 days 00:00:17.020000
GAS,36.0,0 days 00:01:15.022000,8.0,0 days 01:45:52.511000,0 days 00:00:19.060000,0 days 00:00:38.923000,0 days 00:00:17.039000
GAS,37.0,0 days 00:01:15.054000,7.0,0 days 01:47:07.565000,0 days 00:00:18.987000,0 days 00:00:38.967000,0 days 00:00:17.100000
GAS,38.0,0 days 00:01:15.387000,7.0,0 days 01:48:22.952000,0 days 00:00:19.377000,0 days 00:00:38.866000,0 days 00:00:17.144000
GAS,39.0,0 days 00:01:18.463000,8.0,0 days 01:49:41.415000,0 days 00:00:19.021000,0 days 00:00:38.481000,0 days 00:00:20.961000
GAS,40.0,0 days 00:01:32.407000,16.0,0 days 01:51:13.822000,0 days 00:00:37.588000,0 days 00:00:38.119000,0 days 00:00:16.700000
GAS,41.0,0 days 00:01:14.774000,15.0,0 days 01:52:28.596000,0 days 00:00:18.871000,0 days 00:00:39.059000,0 days 00:00:16.844000
GAS,42.0,0 days 00:01:13.736000,15.0,0 days 01:53:42.332000,0 days 00:00:18.923000,0 days 00:00:37.880000,0 days 00:00:16.933000
GAS,43.0,0 days 00:01:14.029000,14.0,0 days 01:54:56.361000,0 days 00:00:19.045000,0 days 00:00:37.990000,0 days 00:00:16.994000
GAS,44.0,0 days 00:01:14.281000,14.0,0 days 01:56:10.642000,0 days 00:00:19.190000,0 days 00:00:38.199000,0 days 00:00:16.892000
GAS,45.0,0 days 00:01:14.128000,14.0,0 days 01:57:24.770000,0 days 00:00:18.949000,0 days 00:00:38.157000,0 days 00:00:17.022000
GAS,46.0,0 days 00:01:14.113000,13.0,0 days 01:58:38.883000,0 days 00:00:19.042000,0 days 00:00:38.294000,0 days 00:00:16.777000
GAS,47.0,0 days 00:01:14.447000,13.0,0 days 01:59:53.330000,0 days 00:00:18.786000,0 days 00:00:38.768000,0 days 00:00:16.893000
GAS,48.0,0 days 00:01:14.607000,12.0,0 days 02:01:07.937000,0 days 00:00:18.981000,0 days 00:00:38.737000,0 days 00:00:16.889000
GAS,49.0,0 days 00:01:15.086000,12.0,0 days 02:02:23.023000,0 days 00:00:18.977000,0 days 00:00:39.234000,0 days 00:00:16.875000
GAS,50.0,0 days 00:01:14.576000,12.0,0 days 02:03:37.599000,0 days 00:00:18.956000,0 days 00:00:38.763000,0 days 00:00:16.857000
GAS,51.0,0 days 00:01:14.878000,12.0,0 days 02:04:52.477000,0 days 00:00:18.970000,0 days 00:00:38.891000,0 days 00:00:17.017000
GAS,52.0,0 days 00:01:14.958000,11.0,0 days 02:06:07.435000,0 days 00:00:18.909000,0 days 00:00:39.165000,0 days 00:00:16.884000
GAS,53.0,0 days 00:01:14.780000,11.0,0 days 02:07:22.215000,0 days 00:00:19.057000,0 days 00:00:38.739000,0 days 00:00:16.984000
GAS,54.0,0 days 00:01:14.553000,11.0,0 days 02:08:36.768000,0 days 00:00:18.920000,0 days 00:00:38.623000,0 days 00:00:17.010000
GAS,55.0,0 days 00:01:14.534000,10.0,0 days 02:09:51.302000,0 days 00:00:18.990000,0 days 00:00:38.580000,0 days 00:00:16.964000
GAS,56.0,0 days 00:01:14.518000,10.0,0 days 02:11:05.820000,0 days 00:00:19.080000,0 days 00:00:38.552000,0 days 00:00:16.886000
GAS,57.0,0 days 00:01:14.358000,10.0,0 days 02:12:20.178000,0 days 00:00:18.841000,0 days 00:00:38.542000,0 days 00:00:16.975000
GAS,58.0,0 days 00:01:14.411000,10.0,0 days 02:13:34.589000,0 days 00:00:18.909000,0 days 00:00:38.565000,0 days 00:00:16.937000
GAS,59.0,0 days 00:01:14.529000,10.0,0 days 02:14:49.118000,0 days 00:00:19.018000,0 days 00:00:38.498000,0 days 00:00:17.013000
GAS,60.0,0 days 00:01:14.711000,10.0,0 days 02:16:03.829000,0 days 00:00:19.023000,0 days 00:00:38.737000,0 days 00:00:16.951000
GAS,61.0,0 days 00:01:14.541000,10.0,0 days 02:17:18.370000,0 days 00:00:18.970000,0 days 00:00:38.660000,0 days 00:00:16.911000
GAS,62.0,0 days 00:01:14.309000,10.0,0 days 02:18:32.679000,0 days 00:00:18.996000,0 days 00:00:38.374000,0 days 00:00:16.939000
GAS,63.0,0 days 00:01:14.405000,10.0,0 days 02:19:47.084000,0 days 00:00:18.983000,0 days 00:00:38.462000,0 days 00:00:16.960000
GAS,64.0,0 days 00:01:14.171000,10.0,0 days 02:21:01.255000,0 days 00:00:18.806000,0 days 00:00:38.446000,0 days 00:00:16.919000
GAS,65.0,0 days 00:01:14.560000,10.0,0 days 02:22:15.815000,0 days 00:00:18.994000,0 days 00:00:38.628000,0 days 00:00:16.938000
GAS,66.0,0 days 00:01:15.062000,10.0,0 days 02:23:30.877000,0 days 00:00:18.932000,0 days 00:00:39.162000,0 days 00:00:16.968000
GAS,67.0,0 days 00:01:15.612000,10.0,0 days 02:24:46.489000,0 days 00:00:19.200000,0 days 00:00:39.535000,0 days 00:00:16.877000
GAS,68.0,0 days 00:01:15.403000,10.0,0 days 02:26:01.892000,0 days 00:00:19.115000,0 days 00:00:39.291000,0 days 00:00:16.997000
GAS,69.0,0 days 00:01:15.318000,10.0,0 days 02:27:17.210000,0 days 00:00:19.090000,0 days 00:00:39.226000,0 days 00:00:17.002000
GAS,70.0,0 days 00:01:15.943000,10.0,0 days 02:28:33.153000,0 days 00:00:19.265000,0 days 00:00:39.703000,0 days 00:00:16.975000
GAS,71.0,0 days 00:01:17.029000,10.0,0 days 02:29:50.182000,0 days 00:00:19.308000,0 days 00:00:40.719000,0 days 00:00:17.002000
ANT,1.0,0 days 00:01:19.069000,2.0,0 days 00:58:13.741000,,0 days 00:00:38.163000,0 days 00:00:17.048000
ANT,2.0,0 days 00:01:42.524000,2.0,0 days 00:59:56.265000,0 days 00:00:19.428000,0 days 00:01:01.467000,0 days 00:00:21.629000
ANT,3.0,0 days 00:01:53.773000,2.0,0 days 01:01:50.038000,0 days 00:00:24.476000,0 days 00:01:02.265000,0 days 00:00:27.032000
ANT,4.0,0 days 00:01:49.802000,2.0,0 days 01:03:39.840000,0 days 00:00:28.982000,0 days 00:00:56.733000,0 days 00:00:24.087000
ANT,5.0,0 days 00:02:03.198000,2.0,0 days 01:05:43.038000,0 days 00:00:28.259000,0 days 00:01:00.323000,0 days 00:00:34.616000
ANT,6.0,0 days 00:01:16.547000,3.0,0 days 01:06:59.585000,0 days 00:00:20.907000,0 days 00:00:38.468000,0 days 00:00:17.172000
ANT,7.0,0 days 00:01:40.834000,3.0,0 days 01:08:40.419000,0 days 00:00:24.978000,0 days 00:00:51.332000,0 days 00:00:24.524000
ANT,8.0,0 days 00:01:41.434000,3.0,0 days 01:10:21.853000,0 days 00:00:27.128000,0 days 00:00:52.498000,0 days 00:00:21.808000
ANT,9.0,0 days 00:01:14.268000,3.0,0 days 01:11:36.121000,0 days 00:00:19.557000,0 days 00:00:37.762000,0 days 00:00:16.949000
ANT,10.0,0 days 00:01:14.127000,3.0,0 days 01:12:50.248000,0 days 00:00:19.225000,0 days 00:00:37.901000,0 days 00:00:17.001000
ANT,11.0,0 days 00:01:14.586000,3.0,0 days 01:14:04.834000,0 days 00:00:19.202000,0 days 00:00:38.241000,0 days 00:00:17.143000
ANT,12.0,0 days 00:01:14.646000,3.0,0 days 01:15:19.480000,0 days 00:00:19.224000,0 days 00:00:38.249000,0 days 00:00:17.173000
ANT,13.0,0 days 00:01:15.060000,3.0,0 days 01:16:34.540000,0 days 00:00:19.360000,0 days 00:00:38.574000,0 days 00:00:17.126000
ANT,14.0,0 days 00:01:15.101000,3.0,0 days 01:17:49.641000,0 days 00:00:19.305000,0 days 00:00:38.557000,0 days 00:00:17.239000
ANT,15.0,0 days 00:01:15.164000,3.0,0 days 01:19:04.805000,0 days 00:00:19.263000,0 days 00:00:38.662000,0 days 00:00:17.239000
ANT,16.0,0 days 00:01:15.089000,3.0,0 days 01:20:19.894000,0 days 00:00:19.286000,0 days 00:00:38.583000,0 days 00:00:17.220000
ANT,17.0,0 days 00:01:15.387000,3.0,0 days 01:21:35.281000,0 days 00:00:19.301000,0 days 00:00:38.792000,0 days 00:00:17.294000
ANT,18.0,0 days 00:01:15.287000,3.0,0 days 01:22:50.568000,0 days 00:00:19.315000,0 days 00:00:38.629000,0 days 00:00:17.343000
ANT,19.0,0 days 00:01:15.294000,3.0,0 days 01:24:05.862000,0 days 00:00:19.320000,0 days 00:00:38.699000,0 days 00:00:17.275000
ANT,20.0,0 days 00:01:15.501000,3.0,0 days 01:25:21.363000,0 days 00:00:19.272000,0 days 00:00:38.910000,0 days 00:00:17.319000
ANT,21.0,0 days 00:01:19.328000,4.0,0 days 01:26:40.691000,0 days 00:00:19.244000,0 days 00:00:38.705000,0 days 00:00:21.379000
ANT,22.0,0 days 00:01:32.750000,11.0,0 days 01:28:13.441000,0 days 00:00:37.875000,0 days 00:00:38.117000,0 days 00:00:16.758000
ANT,23.0,0 days 00:01:13.672000,9.0,0 days 01:29:27.113000,0 days 00:00:18.736000,0 days 00:00:37.964000,0 days 00:00:16.972000
ANT,24.0,0 days 00:01:14.724000,8.0,0 days 01:30:41.837000,0 days 00:00:18.842000,0 days 00:00:38.925000,0 days 00:00:16.957000
ANT,25.0,0 days 00:01:15.368000,7.0,0 days 01:31:57.205000,0 days 00:00:18.909000,0 days 00:00:39.516000,0 days 00:00:16.943000
ANT,26.0,0 days 00:01:13.960000,7.0,0 days 01:33:11.165000,0 days 00:00:18.828000,0 days 00:00:38.053000,0 days 00:00:17.079000
ANT,27.0,0 days 00:01:14.048000,7.0,0 days 01:34:25.213000,0 days 00:00:18.928000,0 days 00:00:38.236000,0 days 00:00:16.884000
ANT,28.0,0 days 00:01:15.042000,7.0,0 days 01:35:40.255000,0 days 00:00:18.939000,0 days 00:00:39.185000,0 days 00:00:16.918000
ANT,29.0,0 days 00:01:15.239000,6.0,0 days 01:36:55.494000,0 days 00:00:19.134000,0 days 00:00:39.133000,0 days 00:00:16.972000
ANT,30.0,0 days 00:01:14.012000,5.0,0 days 01:38:09.506000,0 days 00:00:18.919000,0 days 00:00:38.087000,0 days 00:00:17.006000
ANT,31.0,0 days 00:01:14.318000,5.0,0 days 01:39:23.824000,0 days 00:00:19.070000,0 days 00:00:38.161000,0 days 00:00:17.087000
ANT,32.0,0 days 00:01:14.601000,5.0,0 days 01:40:38.425000,0 days 00:00:19.165000,0 days 00:00:38.339000,0 days 00:00:17.097000
ANT,33.0,0 days 00:01:14.505000,5.0,0 days 01:41:52.930000,0 days 00:00:19.040000,0 days 00:00:38.332000,0 days 00:00:17.133000
ANT,34.0,0 days 00:01:14.752000,4.0,0 days 01:43:07.682000,0 days 00:00:19.128000,0 days 00:00:38.500000,0 days 00:00:17.124000
ANT,35.0,0 days 00:01:14.605000,3.0,0 days 01:44:22.287000,0 days 00:00:19.122000,0 days 00:00:38.391000,0 days 00:00:17.092000
ANT,36.0,0 days 00:01:14.575000,3.0,0 days 01:45:36.862000,0 days 00:00:19.151000,0 days 00:00:38.323000,0 days 00:00:17.101000
ANT,37.0,0 days 00:01:14.254000,3.0,0 days 01:46:51.116000,0 days 00:00:19.038000,0 days 00:00:38.030000,0 days 00:00:17.186000
ANT,38.0,0 days 00:01:14.545000,3.0,0 days 01:48:05.661000,0 days 00:00:19.096000,0 days 00:00:38.354000,0 days 00:00:17.095000
ANT,39.0,0 days 00:01:14.408000,2.0,0 days 01:49:20.069000,0 days 00:00:19.052000,0 days 00:00:38.285000,0 days 00:00:17.071000
ANT,40.0,0 days 00:01:14.659000,2.0,0 days 01:50:34.728000,0 days 00:00:19.088000,0 days 00:00:38.389000,0 days 00:00:17.182000
ANT,41.0,0 days 00:01:14.552000,2.0,0 days 01:51:49.280000,0 days 00:00:19.027000,0 days 00:00:38.419000,0 days 00:00:17.106000
ANT,42.0,0 days 00:01:14.359000,2.0,0 days 01:53:03.639000,0 days 00:00:19.030000,0 days 00:00:38.283000,0 days 00:00:17.046000
ANT,43.0,0 days 00:01:14.375000,2.0,0 days 01:54:18.014000,0 days 00:00:19.015000,0 days 00:00:38.271000,0 days 00:00:17.089000
ANT,44.0,0 days 00:01:14.383000,2.0,0 days 01:55:32.397000,0 days 00:00:19.061000,0 days 00:00:38.200000,0 days 00:00:17.122000
ANT,45.0,0 days 00:01:14.530000,2.0,0 days 01:56:46.927000,0 days 00:00:19.003000,0 days 00:00:38.364000,0 days 00:00:17.163000
ANT,46.0,0 days 00:01:14.605000,2.0,0 days 01:58:01.532000,0 days 00:00:18.958000,0 days 00:00:38.574000,0 days 00:00:17.073000
ANT,47.0,0 days 00:01:19.038000,3.0,0 days 01:59:20.570000,0 days 00:00:19.115000,0 days 00:00:38.869000,0 days 00:00:21.054000
ANT,48.0,0 days 00:01:33.004000,6.0,0 days 02:00:53.574000,0 days 00:00:37.840000,0 days 00:00:38.153000,0 days 00:00:17.011000
ANT,49.0,0 days 00:01:13.528000,5.0,0 days 02:02:07.102000,0 days 00:00:18.905000,0 days 00:00:37.824000,0 days 00:00:16.799000
ANT,50.0,0 days 00:01:13.473000,4.0,0 days 02:03:20.575000,0 days 00:00:18.829000,0 days 00:00:37.714000,0 days 00:00:16.930000
ANT,51.0,0 days 00:01:13.307000,4.0,0 days 02:04:33.882000,0 days 00:00:18.816000,0 days 00:00:37.581000,0 days 00:00:16.910000
ANT,52.0,0 days 00:01:13.123000,3.0,0 days 02:05:47.005000,0 days 00:00:18.792000,0 days 00:00:37.459000,0 days 00:00:16.872000
ANT,53.0,0 days 00:01:13.354000,3.0,0 days 02:07:00.359000,0 days 00:00:18.772000,0 days 00:00:37.684000,0 days 00:00:16.898000
ANT,54.0,0 days 00:01:13.299000,3.0,0 days 02:08:13.658000,0 days 00:00:18.735000,0 days 00:00:37.647000,0 days 00:00:16.917000
ANT,55.0,0 days 00:01:13.543000,2.0,0 days 02:09:27.201000,0 days 00:00:18.942000,0 days 00:00:37.652000,0 days 00:00:16.949000
ANT,56.0,0 days 00:01:13.550000,2.0,0 days 02:10:40.751000,0 days 00:00:18.854000,0 days 00:00:37.831000,0 days 00:00:16.865000
ANT,57.0,0 days 00:01:13.599000,2.0,0 days 02:11:54.350000,0 days 00:00:18.828000,0 days 00:00:37.764000,0 days 00:00:17.007000
ANT,58.0,0 days 00:01:13.609000,2.0,0 days 02:13:07.959000,0 days 00:00:18.808000,0 days 00:00:37.861000,0 days 00:00:16.940000
ANT,59.0,0 days 00:01:13.680000,2.0,0 days 02:14:21.639000,0 days 00:00:18.931000,0 days 00:00:37.835000,0 days 00:00:16.914000
ANT,60.0,0 days 00:01:13.835000,2.0,0 days 02:15:35.474000,0 days 00:00:18.992000,0 days 00:00:37.844000,0 days 00:00:16.999000
ANT,61.0,0 days 00:01:13.867000,2.0,0 days 02:16:49.341000,0 days 00:00:18.961000,0 days 00:00:37.911000,0 days 00:00:16.995000
ANT,62.0,0 days 00:01:13.855000,2.0,0 days 02:18:03.196000,0 days 00:00:18.989000,0 days 00:00:37.871000,0 days 00:00:16.995000
ANT,63.0,0 days 00:01:13.622000,2.0,0 days 02:19:16.818000,0 days 00:00:18.966000,0 days 00:00:37.683000,0 days 00:00:16.973000
ANT,64.0,0 days 00:01:13.440000,2.0,0 days 02:20:30.258000,0 days 00:00:18.886000,0 days 00:00:37.660000,0 days 00:00:16.894000
ANT,65.0,0 days 00:01:13.731000,2.0,0 days 02:21:43.989000,0 days 00:00:18.833000,0 days 00:00:37.859000,0 days 00:00:17.039000
ANT,66.0,0 days 00:01:13.786000,2.0,0 days 02:22:57.775000,0 days 00:00:18.893000,0 days 00:00:37.979000,0 days 00:00:16.914000
ANT,67.0,0 days 00:01:14.043000,2.0,0 days 02:24:11.818000,0 days 00:00:18.890000,0 days 00:00:38.179000,0 days 00:00:16.974000
ANT,68.0,0 days 00:01:13.514000,2.0,0 days 02:25:25.332000,0 days 00:00:18.854000,0 days 00:00:37.792000,0 days 00:00:16.868000
ANT,69.0,0 days 00:01:13.614000,2.0,0 days 02:26:38.946000,0 days 00:00:18.895000,0 days 00:00:37.833000,0 days 00:00:16.886000
ANT,70.0,0 days 00:01:13.733000,2.0,0 days 02:27:52.679000,0 days 00:00:18.878000,0 days 00:00:37.814000,0 days 00:00:17.041000
ANT,71.0,0 days 00:01:13.977000,2.0,0 days 02:29:06.656000,0 days 00:00:18.926000,0 days 00:00:38.201000,0 days 00:00:16.850000
ALO,1.0,0 days 00:01:24.077000,10.0,0 days 00:58:18.749000,,0 days 00:00:40.876000,0 days 00:00:17.212000
ALO,2.0,0 days 00:01:51.123000,10.0,0 days 01:00:09.872000,0 days 00:00:19.668000,0 days 00:01:10.486000,0 days 00:00:20.969000
ALO,3.0,0 days 00:01:52.471000,10.0,0 days 01:02:02.343000,0 days 00:00:26.162000,0 days 00:01:01.135000,0 days 00:00:25.174000
ALO,4.0,0 days 00:01:48.514000,10.0,0 days 01:03:50.857000,0 days 00:00:27.036000,0 days 00:00:59.129000,0 days 00:00:22.349000
ALO,5.0,0 days 00:01:53.761000,10.0,0 days 01:05:44.618000,0 days 00:00:29.627000,0 days 00:00:53.990000,0 days 00:00:30.144000
ALO,6.0,0 days 00:01:18.532000,10.0,0 days 01:07:03.150000,0 days 00:00:20.954000,0 days 00:00:40.369000,0 days 00:00:17.209000
ALO,7.0,0 days 00:01:44.221000,10.0,0 days 01:08:47.371000,0 days 00:00:32.659000,0 days 00:00:46.274000,0 days 00:00:25.288000
ALO,8.0,0 days 00:01:38.894000,10.0,0 days 01:10:26.265000,0 days 00:00:26.681000,0 days 00:00:52.656000,0 days 00:00:19.557000
ALO,9.0,0 days 00:01:15.722000,11.0,0 days 01:11:41.987000,0 days 00:00:19.462000,0 days 00:00:39.242000,0 days 00:00:17.018000
ALO,10.0,0 days 00:01:14.924000,11.0,0 days 01:12:56.911000,0 days 00:00:19.070000,0 days 00:00:38.886000,0 days 00:00:16.968000
ALO,11.0,0 days 00:01:15.166000,11.0,0 days 01:14:12.077000,0 days 00:00:19.144000,0 days 00:00:38.952000,0 days 00:00:17.070000
ALO,12.0,0 days 00:01:15.331000,11.0,0 days 01:15:27.408000,0 days 00:00:19.153000,0 days 00:00:38.995000,0 days 00:00:17.183000
ALO,13.0,0 days 00:01:15.888000,11.0,0 days 01:16:43.296000,0 days 00:00:19.120000,0 days 00:00:39.579000,0 days 00:00:17.189000
ALO,14.0,0 days 00:01:16.173000,11.0,0 days 01:17:59.469000,0 days 00:00:19.185000,0 days 00:00:39.652000,0 days 00:00:17.336000
ALO,15.0,0 days 00:01:15.983000,11.0,0 days 01:19:15.452000,0 days 00:00:19.268000,0 days 00:00:39.469000,0 days 00:00:17.246000
ALO,16.0,0 days 00:01:15.900000,11.0,0 days 01:20:31.352000,0 days 00:00:19.150000,0 days 00:00:39.595000,0 days 00:00:17.155000
ALO,17.0,0 days 00:01:16.556000,11.0,0 days 01:21:47.908000,0 days 00:00:19.452000,0 days 00:00:39.731000,0 days 00:00:17.373000
ALO,18.0,0 days 00:01:16.253000,9.0,0 days 01:23:04.161000,0 days 00:00:19.535000,0 days 00:00:39.321000,0 days 00:00:17.397000
ALO,19.0,0 days 00:01:15.808000,7.0,0 days 01:24:19.969000,0 days 00:00:19.394000,0 days 00:00:39.091000,0 days 00:00:17.323000
ALO,20.0,0 days 00:01:16.084000,7.0,0 days 01:25:36.053000,0 days 00:00:19.480000,0 days 00:00:39.264000,0 days 00:00:17.340000
ALO,21.0,0 days 00:01:16.590000,8.0,0 days 01:26:52.643000,0 days 00:00:19.698000,0 days 00:00:39.506000,0 days 00:00:17.386000
ALO,22.0,0 days 00:01:16.293000,7.0,0 days 01:28:08.936000,0 days 00:00:19.455000,0 days 00:00:39.419000,0 days 00:00:17.419000
ALO,23.0,0 days 00:01:15.926000,7.0,0 days 01:29:24.862000,0 days 00:00:19.369000,0 days 00:00:39.161000,0 days 00:00:17.396000
ALO,24.0,0 days 00:01:16.130000,7.0,0 days 01:30:40.992000,0 days 00:00:19.378000,0 days 00:00:39.277000,0 days 00:00:17.475000
ALO,25.0,0 days 00:01:16.335000,8.0,0 days 01:31:57.327000,0 days 00:00:19.421000,0 days 00:00:39.465000,0 days 00:00:17.449000
ALO,26.0,0 days 00:01:16.374000,8.0,0 days 01:33:13.701000,0 days 00:00:19.527000,0 days 00:00:39.366000,0 days 00:00:17.481000
ALO,27.0,0 days 00:01:16.123000,8.0,0 days 01:34:29.824000,0 days 00:00:19.373000,0 days 00:00:39.222000,0 days 00:00:17.528000
ALO,28.0,0 days 00:01:19.939000,11.0,0 days 01:35:49.763000,0 days 00:00:19.276000,0 days 00:00:39.281000,0 days 00:00:21.382000
ALO,29.0,0 days 00:01:33.704000,17.0,0 days 01:37:23.467000,0 days 00:00:38.002000,0 days 00:00:38.594000,0 days 00:00:17.108000
ALO,30.0,0 days 00:01:14.591000,15.0,0 days 01:38:38.058000,0 days 00:00:19.060000,0 days 00:00:38.531000,0 days 00:00:17
ALO,31.0,0 days 00:01:14.343000,15.0,0 days 01:39:52.401000,0 days 00:00:18.996000,0 days 00:00:38.306000,0 days 00:00:17.041000
ALO,32.0,0 days 00:01:14.374000,14.0,0 days 01:41:06.775000,0 days 00:00:18.979000,0 days 00:00:38.337000,0 days 00:00:17.058000
ALO,33.0,0 days 00:01:14.679000,14.0,0 days 01:42:21.454000,0 days 00:00:18.988000,0 days 00:00:38.570000,0 days 00:00:17.121000
ALO,34.0,0 days 00:01:14.654000,14.0,0 days 01:43:36.108000,0 days 00:00:18.997000,0 days 00:00:38.580000,0 days 00:00:17.077000
ALO,35.0,0 days 00:01:14.553000,14.0,0 days 01:44:50.661000,0 days 00:00:19.030000,0 days 00:00:38.413000,0 days 00:00:17.110000
ALO,36.0,0 days 00:01:14.518000,13.0,0 days 01:46:05.179000,0 days 00:00:19.051000,0 days 00:00:38.296000,0 days 00:00:17.171000
ALO,37.0,0 days 00:01:14.449000,12.0,0 days 01:47:19.628000,0 days 00:00:19.021000,0 days 00:00:38.283000,0 days 00:00:17.145000
ALO,38.0,0 days 00:01:14.746000,11.0,0 days 01:48:34.374000,0 days 00:00:18.960000,0 days 00:00:38.591000,0 days 00:00:17.195000
ALO,39.0,0 days 00:01:14.858000,10.0,0 days 01:49:49.232000,0 days 00:00:19.025000,0 days 00:00:38.659000,0 days 00:00:17.174000
ALO,40.0,0 days 00:01:15.107000,9.0,0 days 01:51:04.339000,0 days 00:00:19.146000,0 days 00:00:38.807000,0 days 00:00:17.154000
ALO,41.0,0 days 00:01:15.469000,10.0,0 days 01:52:19.808000,0 days 00:00:19.305000,0 days 00:00:38.984000,0 days 00:00:17.180000
ALO,42.0,0 days 00:01:15.786000,11.0,0 days 01:53:35.594000,0 days 00:00:19.345000,0 days 00:00:39.175000,0 days 00:00:17.266000
ALO,43.0,0 days 00:01:15.213000,10.0,0 days 01:54:50.807000,0 days 00:00:19.169000,0 days 00:00:38.805000,0 days 00:00:17.239000
ALO,44.0,0 days 00:01:15.054000,10.0,0 days 01:56:05.861000,0 days 00:00:19.033000,0 days 00:00:38.811000,0 days 00:00:17.210000
ALO,45.0,0 days 00:01:15.982000,11.0,0 days 01:57:21.843000,0 days 00:00:19.279000,0 days 00:00:39.466000,0 days 00:00:17.237000
ALO,46.0,0 days 00:01:18.872000,15.0,0 days 01:58:40.715000,0 days 00:00:19.215000,0 days 00:00:38.672000,0 days 00:00:20.985000
ALO,47.0,0 days 00:01:31.847000,16.0,0 days 02:00:12.562000,0 days 00:00:37.116000,0 days 00:00:37.844000,0 days 00:00:16.887000
ALO,48.0,0 days 00:01:13.312000,15.0,0 days 02:01:25.874000,0 days 00:00:18.821000,0 days 00:00:37.595000,0 days 00:00:16.896000
ALO,49.0,0 days 00:01:13.668000,15.0,0 days 02:02:39.542000,0 days 00:00:18.894000,0 days 00:00:37.865000,0 days 00:00:16.909000
ALO,50.0,0 days 00:01:13.834000,15.0,0 days 02:03:53.376000,0 days 00:00:18.889000,0 days 00:00:38.022000,0 days 00:00:16.923000
ALO,51.0,0 days 00:01:13.954000,15.0,0 days 02:05:07.330000,0 days 00:00:18.838000,0 days 00:00:38.173000,0 days 00:00:16.943000
ALO,52.0,0 days 00:01:14.071000,15.0,0 days 02:06:21.401000,0 days 00:00:18.912000,0 days 00:00:38.190000,0 days 00:00:16.969000
ALO,53.0,0 days 00:01:14.010000,15.0,0 days 02:07:35.411000,0 days 00:00:18.856000,0 days 00:00:38.162000,0 days 00:00:16.992000
ALO,54.0,0 days 00:01:14.202000,15.0,0 days 02:08:49.613000,0 days 00:00:18.881000,0 days 00:00:38.263000,0 days 00:00:17.058000
ALO,55.0,0 days 00:01:14.053000,14.0,0 days 02:10:03.666000,0 days 00:00:18.899000,0 days 00:00:38.120000,0 days 00:00:17.034000
ALO,56.0,0 days 00:01:14.197000,13.0,0 days 02:11:17.863000,0 days 00:00:18.820000,0 days 00:00:38.374000,0 days 00:00:17.003000
ALO,57.0,0 days 00:01:14.241000,13.0,0 days 02:12:32.104000,0 days 00:00:18.902000,0 days 00:00:38.265000,0 days 00:00:17.074000
ALO,58.0,0 days 00:01:14.270000,13.0,0 days 02:13:46.374000,0 days 00:00:18.876000,0 days 00:00:38.362000,0 days 00:00:17.032000
ALO,59.0,0 days 00:01:14.315000,13.0,0 days 02:15:00.689000,0 days 00:00:18.972000,0 days 00:00:38.312000,0 days 00:00:17.031000
ALO,60.0,0 days 00:01:15.039000,14.0,0 days 02:16:15.728000,0 days 00:00:19.219000,0 days 00:00:38.797000,0 days 00:00:17.023000
ALO,61.0,0 days 00:01:14.483000,14.0,0 days 02:17:30.211000,0 days 00:00:18.991000,0 days 00:00:38.539000,0 days 00:00:16.953000
ALO,62.0,0 days 00:01:13.867000,14.0,0 days 02:18:44.078000,0 days 00:00:18.886000,0 days 00:00:38.001000,0 days 00:00:16.980000
ALO,63.0,0 days 00:01:14.138000,14.0,0 days 02:19:58.216000,0 days 00:00:18.940000,0 days 00:00:38.151000,0 days 00:00:17.047000
ALO,64.0,0 days 00:01:14.091000,14.0,0 days 02:21:12.307000,0 days 00:00:18.854000,0 days 00:00:38.231000,0 days 00:00:17.006000
ALO,65.0,0 days 00:01:14.199000,14.0,0 days 02:22:26.506000,0 days 00:00:18.833000,0 days 00:00:38.385000,0 days 00:00:16.981000
ALO,66.0,0 days 00:01:14.509000,14.0,0 days 02:23:41.015000,0 days 00:00:18.801000,0 days 00:00:38.658000,0 days 00:00:17.050000
ALO,67.0,0 days 00:01:14.425000,14.0,0 days 02:24:55.440000,0 days 00:00:19.030000,0 days 00:00:38.366000,0 days 00:00:17.029000
ALO,68.0,0 days 00:01:13.906000,14.0,0 days 02:26:09.346000,0 days 00:00:18.823000,0 days 00:00:38.045000,0 days 00:00:17.038000
ALO,69.0,0 days 00:01:14.067000,14.0,0 days 02:27:23.413000,0 days 00:00:18.982000,0 days 00:00:38.028000,0 days 00:00:17.057000
ALO,70.0,0 days 00:01:14.167000,14.0,0 days 02:28:37.580000,0 days 00:00:19.018000,0 days 00:00:38.146000,0 days 00:00:17.003000
ALO,71.0,0 days 00:01:14.454000,14.0,0 days 02:29:52.034000,0 days 00:00:18.806000,0 days 00:00:38.775000,0 days 00:00:16.873000
LEC,1.0,0 days 00:01:19.556000,3.0,0 days 00:58:14.228000,,0 days 00:00:38.433000,0 days 00:00:16.890000
LEC,2.0,0 days 00:01:43.560000,3.0,0 days 00:59:57.788000,0 days 00:00:19.459000,0 days 00:01:04.026000,0 days 00:00:20.075000
LEC,3.0,0 days 00:01:53.343000,3.0,0 days 01:01:51.131000,0 days 00:00:25.306000,0 days 00:01:03.136000,0 days 00:00:24.901000
LEC,4.0,0 days 00:01:50.062000,3.0,0 days 01:03:41.193000,0 days 00:00:29.553000,0 days 00:00:56.556000,0 days 00:00:23.953000
LEC,5.0,0 days 00:02:01.899000,3.0,0 days 01:05:43.092000,0 days 00:00:28.936000,0 days 00:00:59.098000,0 days 00:00:33.865000
LEC,6.0,,,0 days 01:06:21.407000,,,
STR,1.0,0 days 00:01:26.274000,15.0,0 days 00:58:21.036000,,0 days 00:00:41.400000,0 days 00:00:17.463000
STR,2.0,0 days 00:01:56.064000,14.0,0 days 01:00:17.100000,0 days 00:00:20.006000,0 days 00:01:14.948000,0 days 00:00:21.110000
STR,3.0,0 days 00:01:50.806000,14.0,0 days 01:02:07.906000,0 days 00:00:24.829000,0 days 00:00:59.275000,0 days 00:00:26.702000
STR,4.0,0 days 00:01:46.901000,14.0,0 days 01:03:54.807000,0 days 00:00:26.701000,0 days 00:00:59.096000,0 days 00:00:21.104000
STR,5.0,0 days 00:01:50.904000,15.0,0 days 01:05:45.711000,0 days 00:00:30.795000,0 days 00:00:51.359000,0 days 00:00:28.750000
STR,6.0,0 days 00:01:28.766000,18.0,0 days 01:07:14.477000,0 days 00:00:21.062000,0 days 00:00:50.460000,0 days 00:00:17.244000
STR,7.0,0 days 00:01:45.977000,18.0,0 days 01:09:00.454000,0 days 00:00:32.563000,0 days 00:00:48.516000,0 days 00:00:24.898000
STR,8.0,0 days 00:01:35.556000,17.0,0 days 01:10:36.010000,0 days 00:00:26.095000,0 days 00:00:51.868000,0 days 00:00:17.593000
STR,9.0,0 days 00:01:15.521000,17.0,0 days 01:11:51.531000,0 days 00:00:19.657000,0 days 00:00:38.783000,0 days 00:00:17.081000
STR,10.0,0 days 00:01:14.536000,17.0,0 days 01:13:06.067000,0 days 00:00:19.260000,0 days 00:00:38.213000,0 days 00:00:17.063000
STR,11.0,0 days 00:01:14.655000,17.0,0 days 01:14:20.722000,0 days 00:00:19.152000,0 days 00:00:38.348000,0 days 00:00:17.155000
STR,12.0,0 days 00:01:15.336000,17.0,0 days 01:15:36.058000,0 days 00:00:19.305000,0 days 00:00:38.813000,0 days 00:00:17.218000
STR,13.0,0 days 00:01:15.258000,17.0,0 days 01:16:51.316000,0 days 00:00:19.140000,0 days 00:00:38.880000,0 days 00:00:17.238000
STR,14.0,0 days 00:01:15.576000,16.0,0 days 01:18:06.892000,0 days 00:00:19.270000,0 days 00:00:39.047000,0 days 00:00:17.259000
STR,15.0,0 days 00:01:15.609000,16.0,0 days 01:19:22.501000,0 days 00:00:19.320000,0 days 00:00:38.973000,0 days 00:00:17.316000
STR,16.0,0 days 00:01:15.412000,16.0,0 days 01:20:37.913000,0 days 00:00:19.246000,0 days 00:00:38.910000,0 days 00:00:17.256000
STR,17.0,0 days 00:01:15.642000,16.0,0 days 01:21:53.555000,0 days 00:00:19.275000,0 days 00:00:38.962000,0 days 00:00:17.405000
STR,18.0,0 days 00:01:15.614000,14.0,0 days 01:23:09.169000,0 days 00:00:19.315000,0 days 00:00:38.928000,0 days 00:00:17.371000
STR,19.0,0 days 00:01:15.670000,12.0,0 days 01:24:24.839000,0 days 00:00:19.323000,0 days 00:00:39.019000,0 days 00:00:17.328000
STR,20.0,0 days 00:01:15.811000,11.0,0 days 01:25:40.650000,0 days 00:00:19.246000,0 days 00:00:39.194000,0 days 00:00:17.371000
STR,21.0,0 days 00:01:15.876000,11.0,0 days 01:26:56.526000,0 days 00:00:19.301000,0 days 00:00:39.177000,0 days 00:00:17.398000
STR,22.0,0 days 00:01:16.267000,10.0,0 days 01:28:12.793000,0 days 00:00:19.695000,0 days 00:00:39.217000,0 days 00:00:17.355000
STR,23.0,0 days 00:01:16.444000,11.0,0 days 01:29:29.237000,0 days 00:00:19.395000,0 days 00:00:39.720000,0 days 00:00:17.329000
STR,24.0,0 days 00:01:15.655000,10.0,0 days 01:30:44.892000,0 days 00:00:19.209000,0 days 00:00:39.052000,0 days 00:00:17.394000
STR,25.0,0 days 00:01:15.880000,11.0,0 days 01:32:00.772000,0 days 00:00:19.407000,0 days 00:00:39.086000,0 days 00:00:17.387000
STR,26.0,0 days 00:01:16.451000,11.0,0 days 01:33:17.223000,0 days 00:00:19.538000,0 days 00:00:39.482000,0 days 00:00:17.431000
STR,27.0,0 days 00:01:15.650000,11.0,0 days 01:34:32.873000,0 days 00:00:19.384000,0 days 00:00:39.059000,0 days 00:00:17.207000
STR,28.0,0 days 00:01:16.059000,10.0,0 days 01:35:48.932000,0 days 00:00:19.379000,0 days 00:00:39.382000,0 days 00:00:17.298000
STR,29.0,0 days 00:01:19.662000,14.0,0 days 01:37:08.594000,0 days 00:00:19.187000,0 days 00:00:39.148000,0 days 00:00:21.327000
STR,30.0,0 days 00:01:33.498000,18.0,0 days 01:38:42.092000,0 days 00:00:37.766000,0 days 00:00:38.829000,0 days 00:00:16.903000
STR,31.0,0 days 00:01:14.394000,17.0,0 days 01:39:56.486000,0 days 00:00:19.031000,0 days 00:00:38.280000,0 days 00:00:17.083000
STR,32.0,0 days 00:01:14.375000,17.0,0 days 01:41:10.861000,0 days 00:00:19.049000,0 days 00:00:38.170000,0 days 00:00:17.156000
STR,33.0,0 days 00:01:14.716000,16.0,0 days 01:42:25.577000,0 days 00:00:19.181000,0 days 00:00:38.396000,0 days 00:00:17.139000
STR,34.0,0 days 00:01:14.546000,16.0,0 days 01:43:40.123000,0 days 00:00:19.042000,0 days 00:00:38.422000,0 days 00:00:17.082000
STR,35.0,0 days 00:01:14.549000,16.0,0 days 01:44:54.672000,0 days 00:00:19,0 days 00:00:38.464000,0 days 00:00:17.085000
STR,36.0,0 days 00:01:14.414000,15.0,0 days 01:46:09.086000,0 days 00:00:19.085000,0 days 00:00:38.228000,0 days 00:00:17.101000
STR,37.0,0 days 00:01:15.533000,16.0,0 days 01:47:24.619000,0 days 00:00:19.486000,0 days 00:00:38.927000,0 days 00:00:17.120000
STR,38.0,0 days 00:01:14.836000,15.0,0 days 01:48:39.455000,0 days 00:00:19.012000,0 days 00:00:38.671000,0 days 00:00:17.153000
STR,39.0,0 days 00:01:14.279000,14.0,0 days 01:49:53.734000,0 days 00:00:19.111000,0 days 00:00:38.206000,0 days 00:00:16.962000
STR,40.0,0 days 00:01:14.563000,13.0,0 days 01:51:08.297000,0 days 00:00:18.996000,0 days 00:00:38.682000,0 days 00:00:16.885000
STR,41.0,0 days 00:01:14.898000,13.0,0 days 01:52:23.195000,0 days 00:00:18.977000,0 days 00:00:38.890000,0 days 00:00:17.031000
STR,42.0,0 days 00:01:14.930000,12.0,0 days 01:53:38.125000,0 days 00:00:19.244000,0 days 00:00:38.459000,0 days 00:00:17.227000
STR,43.0,0 days 00:01:15.172000,12.0,0 days 01:54:53.297000,0 days 00:00:19.127000,0 days 00:00:38.913000,0 days 00:00:17.132000
STR,44.0,0 days 00:01:14.832000,12.0,0 days 01:56:08.129000,0 days 00:00:19.046000,0 days 00:00:38.550000,0 days 00:00:17.236000
STR,45.0,0 days 00:01:14.554000,12.0,0 days 01:57:22.683000,0 days 00:00:19.018000,0 days 00:00:38.558000,0 days 00:00:16.978000
STR,46.0,0 days 00:01:14.560000,11.0,0 days 01:58:37.243000,0 days 00:00:18.917000,0 days 00:00:38.656000,0 days 00:00:16.987000
STR,47.0,0 days 00:01:15.004000,11.0,0 days 01:59:52.247000,0 days 00:00:18.999000,0 days 00:00:38.800000,0 days 00:00:17.205000
STR,48.0,0 days 00:01:14.846000,10.0,0 days 02:01:07.093000,0 days 00:00:19.254000,0 days 00:00:38.360000,0 days 00:00:17.232000
STR,49.0,0 days 00:01:14.843000,10.0,0 days 02:02:21.936000,0 days 00:00:19.236000,0 days 00:00:38.326000,0 days 00:00:17.281000
STR,50.0,0 days 00:01:14.764000,10.0,0 days 02:03:36.700000,0 days 00:00:19.166000,0 days 00:00:38.467000,0 days 00:00:17.131000
STR,51.0,0 days 00:01:14.868000,10.0,0 days 02:04:51.568000,0 days 00:00:19.198000,0 days 00:00:38.363000,0 days 00:00:17.307000
STR,52.0,0 days 00:01:16.752000,12.0,0 days 02:06:08.320000,0 days 00:00:19.202000,0 days 00:00:40.414000,0 days 00:00:17.136000
STR,53.0,0 days 00:01:15.244000,12.0,0 days 02:07:23.564000,0 days 00:00:18.966000,0 days 00:00:39.048000,0 days 00:00:17.230000
STR,54.0,0 days 00:01:19.447000,13.0,0 days 02:08:43.011000,0 days 00:00:19.202000,0 days 00:00:38.890000,0 days 00:00:21.355000
STR,55.0,0 days 00:01:31.227000,16.0,0 days 02:10:14.238000,0 days 00:00:36.756000,0 days 00:00:37.524000,0 days 00:00:16.947000
STR,56.0,0 days 00:01:13.094000,16.0,0 days 02:11:27.332000,0 days 00:00:18.902000,0 days 00:00:37.314000,0 days 00:00:16.878000
STR,57.0,0 days 00:01:13.420000,16.0,0 days 02:12:40.752000,0 days 00:00:18.907000,0 days 00:00:37.627000,0 days 00:00:16.886000
STR,58.0,0 days 00:01:13.251000,16.0,0 days 02:13:54.003000,0 days 00:00:18.781000,0 days 00:00:37.558000,0 days 00:00:16.912000
STR,59.0,0 days 00:01:13.425000,16.0,0 days 02:15:07.428000,0 days 00:00:18.848000,0 days 00:00:37.552000,0 days 00:00:17.025000
STR,60.0,0 days 00:01:13.856000,16.0,0 days 02:16:21.284000,0 days 00:00:18.831000,0 days 00:00:38.069000,0 days 00:00:16.956000
STR,61.0,0 days 00:01:13.491000,16.0,0 days 02:17:34.775000,0 days 00:00:18.886000,0 days 00:00:37.694000,0 days 00:00:16.911000
STR,62.0,0 days 00:01:13.374000,16.0,0 days 02:18:48.149000,0 days 00:00:18.834000,0 days 00:00:37.576000,0 days 00:00:16.964000
STR,63.0,0 days 00:01:13.515000,16.0,0 days 02:20:01.664000,0 days 00:00:18.887000,0 days 00:00:37.635000,0 days 00:00:16.993000
STR,64.0,0 days 00:01:13.569000,16.0,0 days 02:21:15.233000,0 days 00:00:18.829000,0 days 00:00:37.771000,0 days 00:00:16.969000
STR,65.0,0 days 00:01:13.403000,16.0,0 days 02:22:28.636000,0 days 00:00:18.814000,0 days 00:00:37.845000,0 days 00:00:16.744000
STR,66.0,0 days 00:01:13.609000,16.0,0 days 02:23:42.245000,0 days 00:00:18.629000,0 days 00:00:38.209000,0 days 00:00:16.771000
STR,67.0,0 days 00:01:14.175000,16.0,0 days 02:24:56.420000,0 days 00:00:18.587000,0 days 00:00:38.790000,0 days 00:00:16.798000
STR,68.0,0 days 00:01:14.163000,16.0,0 days 02:26:10.583000,0 days 00:00:18.994000,0 days 00:00:38.219000,0 days 00:00:16.950000
STR,69.0,0 days 00:01:14.272000,16.0,0 days 02:27:24.855000,0 days 00:00:18.726000,0 days 00:00:38.559000,0 days 00:00:16.987000
STR,70.0,0 days 00:01:14.754000,16.0,0 days 02:28:39.609000,0 days 00:00:18.998000,0 days 00:00:38.899000,0 days 00:00:16.857000
STR,71.0,0 days 00:01:14.996000,16.0,0 days 02:29:54.605000,0 days 00:00:18.975000,0 days 00:00:38.896000,0 days 00:00:17.125000
TSU,1.0,0 days 00:01:25.506000,14.0,0 days 00:58:20.178000,,0 days 00:00:41.381000,0 days 00:00:17.316000
TSU,2.0,0 days 00:01:59.580000,16.0,0 days 01:00:19.758000,0 days 00:00:19.921000,0 days 00:01:14.700000,0 days 00:00:24.959000
TSU,3.0,0 days 00:01:54.737000,18.0,0 days 01:02:14.495000,0 days 00:00:37.699000,0 days 00:00:49.096000,0 days 00:00:27.942000
TSU,4.0,0 days 00:01:46.686000,18.0,0 days 01:04:01.181000,0 days 00:00:25.286000,0 days 00:00:59.111000,0 days 00:00:22.289000
TSU,5.0,0 days 00:01:45.157000,18.0,0 days 01:05:46.338000,0 days 00:00:29.778000,0 days 00:00:48.640000,0 days 00:00:26.739000
TSU,6.0,0 days 00:01:19.061000,15.0,0 days 01:07:05.399000,0 days 00:00:20.760000,0 days 00:00:41.033000,0 days 00:00:17.268000
TSU,7.0,0 days 00:01:44.745000,14.0,0 days 01:08:50.144000,0 days 00:00:36.868000,0 days 00:00:43.512000,0 days 00:00:24.365000
TSU,8.0,0 days 00:01:37.949000,13.0,0 days 01:10:28.093000,0 days 00:00:27.212000,0 days 00:00:52.521000,0 days 00:00:18.216000
TSU,9.0,0 days 00:01:14.911000,13.0,0 days 01:11:43.004000,0 days 00:00:19.166000,0 days 00:00:38.742000,0 days 00:00:17.003000
TSU,10.0,0 days 00:01:15.027000,13.0,0 days 01:12:58.031000,0 days 00:00:19.020000,0 days 00:00:39.123000,0 days 00:00:16.884000
TSU,11.0,0 days 00:01:15.320000,13.0,0 days 01:14:13.351000,0 days 00:00:19.131000,0 days 00:00:39.233000,0 days 00:00:16.956000
TSU,12.0,0 days 00:01:15.428000,13.0,0 days 01:15:28.779000,0 days 00:00:19.061000,0 days 00:00:39.322000,0 days 00:00:17.045000
TSU,13.0,0 days 00:01:15.705000,13.0,0 days 01:16:44.484000,0 days 00:00:19.159000,0 days 00:00:39.440000,0 days 00:00:17.106000
TSU,14.0,0 days 00:01:16.220000,13.0,0 days 01:18:00.704000,0 days 00:00:19.300000,0 days 00:00:39.650000,0 days 00:00:17.270000
TSU,15.0,0 days 00:01:16.479000,14.0,0 days 01:19:17.183000,0 days 00:00:19.826000,0 days 00:00:39.511000,0 days 00:00:17.142000
TSU,16.0,0 days 00:01:15.839000,14.0,0 days 01:20:33.022000,0 days 00:00:19.202000,0 days 00:00:39.546000,0 days 00:00:17.091000
TSU,17.0,0 days 00:01:16.249000,13.0,0 days 01:21:49.271000,0 days 00:00:19.247000,0 days 00:00:39.891000,0 days 00:00:17.111000
TSU,18.0,0 days 00:01:16.171000,12.0,0 days 01:23:05.442000,0 days 00:00:19.207000,0 days 00:00:39.744000,0 days 00:00:17.220000
TSU,19.0,0 days 00:01:15.747000,10.0,0 days 01:24:21.189000,0 days 00:00:19.140000,0 days 00:00:39.459000,0 days 00:00:17.148000
TSU,20.0,0 days 00:01:15.844000,9.0,0 days 01:25:37.033000,0 days 00:00:19.211000,0 days 00:00:39.544000,0 days 00:00:17.089000
TSU,21.0,0 days 00:01:16.152000,9.0,0 days 01:26:53.185000,0 days 00:00:19.198000,0 days 00:00:39.792000,0 days 00:00:17.162000
TSU,22.0,0 days 00:01:16.441000,8.0,0 days 01:28:09.626000,0 days 00:00:19.383000,0 days 00:00:39.932000,0 days 00:00:17.126000
TSU,23.0,0 days 00:01:16.375000,8.0,0 days 01:29:26.001000,0 days 00:00:19.268000,0 days 00:00:39.736000,0 days 00:00:17.371000
TSU,24.0,0 days 00:01:19.809000,12.0,0 days 01:30:45.810000,0 days 00:00:19.301000,0 days 00:00:39.276000,0 days 00:00:21.232000
TSU,25.0,0 days 00:01:44.172000,18.0,0 days 01:32:29.982000,0 days 00:00:48.685000,0 days 00:00:38.611000,0 days 00:00:16.876000
TSU,26.0,0 days 00:01:14.039000,18.0,0 days 01:33:44.021000,0 days 00:00:19.196000,0 days 00:00:37.903000,0 days 00:00:16.940000
TSU,27.0,0 days 00:01:14.019000,18.0,0 days 01:34:58.040000,0 days 00:00:18.909000,0 days 00:00:38.127000,0 days 00:00:16.983000
TSU,28.0,0 days 00:01:14.273000,18.0,0 days 01:36:12.313000,0 days 00:00:19.029000,0 days 00:00:38.172000,0 days 00:00:17.072000
TSU,29.0,0 days 00:01:14.481000,18.0,0 days 01:37:26.794000,0 days 00:00:18.934000,0 days 00:00:38.386000,0 days 00:00:17.161000
TSU,30.0,0 days 00:01:14.919000,17.0,0 days 01:38:41.713000,0 days 00:00:18.960000,0 days 00:00:38.931000,0 days 00:00:17.028000
TSU,31.0,0 days 00:01:15.814000,18.0,0 days 01:39:57.527000,0 days 00:00:19.471000,0 days 00:00:39.256000,0 days 00:00:17.087000
TSU,32.0,0 days 00:01:14.883000,18.0,0 days 01:41:12.410000,0 days 00:00:19.078000,0 days 00:00:38.721000,0 days 00:00:17.084000
TSU,33.0,0 days 00:01:14.936000,17.0,0 days 01:42:27.346000,0 days 00:00:19.077000,0 days 00:00:38.675000,0 days 00:00:17.184000
TSU,34.0,0 days 00:01:15.036000,17.0,0 days 01:43:42.382000,0 days 00:00:19.183000,0 days 00:00:38.755000,0 days 00:00:17.098000
TSU,35.0,0 days 00:01:14.929000,17.0,0 days 01:44:57.311000,0 days 00:00:19.050000,0 days 00:00:38.775000,0 days 00:00:17.104000
TSU,36.0,0 days 00:01:15.059000,17.0,0 days 01:46:12.370000,0 days 00:00:19.068000,0 days 00:00:38.877000,0 days 00:00:17.114000
TSU,37.0,0 days 00:01:14.809000,17.0,0 days 01:47:27.179000,0 days 00:00:18.996000,0 days 00:00:38.670000,0 days 00:00:17.143000
TSU,38.0,0 days 00:01:15.042000,16.0,0 days 01:48:42.221000,0 days 00:00:19.043000,0 days 00:00:38.769000,0 days 00:00:17.230000
TSU,39.0,0 days 00:01:15.476000,16.0,0 days 01:49:57.697000,0 days 00:00:19.174000,0 days 00:00:39.088000,0 days 00:00:17.214000
TSU,40.0,0 days 00:01:15.677000,15.0,0 days 01:51:13.374000,0 days 00:00:19.306000,0 days 00:00:39.277000,0 days 00:00:17.094000
TSU,41.0,0 days 00:01:15.272000,16.0,0 days 01:52:28.646000,0 days 00:00:19.116000,0 days 00:00:38.923000,0 days 00:00:17.233000
TSU,42.0,0 days 00:01:16.297000,17.0,0 days 01:53:44.943000,0 days 00:00:19.640000,0 days 00:00:39.439000,0 days 00:00:17.218000
TSU,43.0,0 days 00:01:15.385000,17.0,0 days 01:55:00.328000,0 days 00:00:19.142000,0 days 00:00:38.982000,0 days 00:00:17.261000
TSU,44.0,0 days 00:01:15.269000,16.0,0 days 01:56:15.597000,0 days 00:00:19.119000,0 days 00:00:38.889000,0 days 00:00:17.261000
TSU,45.0,0 days 00:01:14.976000,16.0,0 days 01:57:30.573000,0 days 00:00:19.014000,0 days 00:00:38.813000,0 days 00:00:17.149000
TSU,46.0,0 days 00:01:15.142000,16.0,0 days 01:58:45.715000,0 days 00:00:19.137000,0 days 00:00:38.823000,0 days 00:00:17.182000
TSU,47.0,0 days 00:01:18.697000,15.0,0 days 02:00:04.412000,0 days 00:00:19.136000,0 days 00:00:38.762000,0 days 00:00:20.799000
TSU,48.0,0 days 00:01:43.456000,17.0,0 days 02:01:47.868000,0 days 00:00:48.420000,0 days 00:00:38.198000,0 days 00:00:16.838000
TSU,49.0,0 days 00:01:12.774000,17.0,0 days 02:03:00.642000,0 days 00:00:18.623000,0 days 00:00:37.359000,0 days 00:00:16.792000
TSU,50.0,0 days 00:01:12.847000,17.0,0 days 02:04:13.489000,0 days 00:00:18.736000,0 days 00:00:37.295000,0 days 00:00:16.816000
TSU,51.0,0 days 00:01:13.458000,17.0,0 days 02:05:26.947000,0 days 00:00:18.745000,0 days 00:00:37.717000,0 days 00:00:16.996000
TSU,52.0,0 days 00:01:13.814000,17.0,0 days 02:06:40.761000,0 days 00:00:18.838000,0 days 00:00:37.993000,0 days 00:00:16.983000
TSU,53.0,0 days 00:01:13.372000,17.0,0 days 02:07:54.133000,0 days 00:00:18.749000,0 days 00:00:37.705000,0 days 00:00:16.918000
TSU,54.0,0 days 00:01:13.631000,17.0,0 days 02:09:07.764000,0 days 00:00:18.774000,0 days 00:00:37.912000,0 days 00:00:16.945000
TSU,55.0,0 days 00:01:13.774000,17.0,0 days 02:10:21.538000,0 days 00:00:18.836000,0 days 00:00:37.951000,0 days 00:00:16.987000
TSU,56.0,0 days 00:01:13.761000,17.0,0 days 02:11:35.299000,0 days 00:00:18.820000,0 days 00:00:37.969000,0 days 00:00:16.972000
TSU,57.0,0 days 00:01:13.846000,17.0,0 days 02:12:49.145000,0 days 00:00:18.821000,0 days 00:00:37.994000,0 days 00:00:17.031000
TSU,58.0,0 days 00:01:13.923000,17.0,0 days 02:14:03.068000,0 days 00:00:18.858000,0 days 00:00:38.098000,0 days 00:00:16.967000
TSU,59.0,0 days 00:01:13.970000,17.0,0 days 02:15:17.038000,0 days 00:00:18.922000,0 days 00:00:38.039000,0 days 00:00:17.009000
TSU,60.0,0 days 00:01:13.791000,17.0,0 days 02:16:30.829000,0 days 00:00:18.866000,0 days 00:00:37.870000,0 days 00:00:17.055000
TSU,61.0,0 days 00:01:13.996000,17.0,0 days 02:17:44.825000,0 days 00:00:18.865000,0 days 00:00:38.174000,0 days 00:00:16.957000
TSU,62.0,0 days 00:01:13.853000,17.0,0 days 02:18:58.678000,0 days 00:00:18.861000,0 days 00:00:37.985000,0 days 00:00:17.007000
TSU,63.0,0 days 00:01:13.821000,17.0,0 days 02:20:12.499000,0 days 00:00:18.846000,0 days 00:00:37.934000,0 days 00:00:17.041000
TSU,64.0,0 days 00:01:14.047000,17.0,0 days 02:21:26.546000,0 days 00:00:18.817000,0 days 00:00:38.165000,0 days 00:00:17.065000
TSU,65.0,0 days 00:01:14.099000,17.0,0 days 02:22:40.645000,0 days 00:00:18.785000,0 days 00:00:38.288000,0 days 00:00:17.026000
TSU,66.0,0 days 00:01:14.076000,17.0,0 days 02:23:54.721000,0 days 00:00:18.764000,0 days 00:00:38.185000,0 days 00:00:17.127000
TSU,67.0,0 days 00:01:14.020000,17.0,0 days 02:25:08.741000,0 days 00:00:18.794000,0 days 00:00:38.129000,0 days 00:00:17.097000
TSU,68.0,0 days 00:01:13.891000,17.0,0 days 02:26:22.632000,0 days 00:00:18.784000,0 days 00:00:38.046000,0 days 00:00:17.061000
TSU,69.0,0 days 00:01:14.133000,17.0,0 days 02:27:36.765000,0 days 00:00:18.846000,0 days 00:00:38.195000,0 days 00:00:17.092000
TSU,70.0,0 days 00:01:14.265000,17.0,0 days 02:28:51.030000,0 days 00:00:18.959000,0 days 00:00:38.319000,0 days 00:00:16.987000
TSU,71.0,0 days 00:01:14.414000,17.0,0 days 02:30:05.444000,0 days 00:00:18.937000,0 days 00:00:38.423000,0 days 00:00:17.054000
ALB,1.0,0 days 00:01:24.430000,11.0,0 days 00:58:19.102000,,0 days 00:00:40.894000,0 days 00:00:17.198000
ALB,2.0,0 days 00:01:51.703000,11.0,0 days 01:00:10.805000,0 days 00:00:19.907000,0 days 00:01:11.450000,0 days 00:00:20.346000
ALB,3.0,0 days 00:01:52.479000,11.0,0 days 01:02:03.284000,0 days 00:00:26.434000,0 days 00:01:00.794000,0 days 00:00:25.251000
ALB,4.0,0 days 00:01:48.374000,11.0,0 days 01:03:51.658000,0 days 00:00:27.850000,0 days 00:00:58.156000,0 days 00:00:22.368000
ALB,5.0,0 days 00:01:53.023000,11.0,0 days 01:05:44.681000,0 days 00:00:29.601000,0 days 00:00:53.700000,0 days 00:00:29.722000
ALB,6.0,0 days 00:01:17.950000,9.0,0 days 01:07:02.631000,0 days 00:00:20.437000,0 days 00:00:40.412000,0 days 00:00:17.101000
ALB,7.0,0 days 00:01:43.396000,9.0,0 days 01:08:46.027000,0 days 00:00:32.301000,0 days 00:00:46.592000,0 days 00:00:24.503000
ALB,8.0,0 days 00:01:39.163000,9.0,0 days 01:10:25.190000,0 days 00:00:27.317000,0 days 00:00:52.291000,0 days 00:00:19.555000
ALB,9.0,0 days 00:01:15.523000,9.0,0 days 01:11:40.713000,0 days 00:00:19.370000,0 days 00:00:39.271000,0 days 00:00:16.882000
ALB,10.0,0 days 00:01:14.525000,9.0,0 days 01:12:55.238000,0 days 00:00:19.124000,0 days 00:00:38.641000,0 days 00:00:16.760000
ALB,11.0,0 days 00:01:15.039000,9.0,0 days 01:14:10.277000,0 days 00:00:19.232000,0 days 00:00:38.872000,0 days 00:00:16.935000
ALB,12.0,0 days 00:01:15.488000,9.0,0 days 01:15:25.765000,0 days 00:00:19.132000,0 days 00:00:39.388000,0 days 00:00:16.968000
ALB,13.0,0 days 00:01:16.052000,9.0,0 days 01:16:41.817000,0 days 00:00:19.369000,0 days 00:00:39.659000,0 days 00:00:17.024000
ALB,14.0,0 days 00:01:16.040000,9.0,0 days 01:17:57.857000,0 days 00:00:19.495000,0 days 00:00:39.449000,0 days 00:00:17.096000
ALB,15.0,0 days 00:01:15.996000,9.0,0 days 01:19:13.853000,0 days 00:00:19.296000,0 days 00:00:39.546000,0 days 00:00:17.154000
ALB,16.0,0 days 00:01:15.844000,9.0,0 days 01:20:29.697000,0 days 00:00:19.330000,0 days 00:00:39.429000,0 days 00:00:17.085000
ALB,17.0,0 days 00:01:16.245000,8.0,0 days 01:21:45.942000,0 days 00:00:19.369000,0 days 00:00:39.780000,0 days 00:00:17.096000
ALB,18.0,0 days 00:01:15.859000,6.0,0 days 01:23:01.801000,0 days 00:00:19.266000,0 days 00:00:39.471000,0 days 00:00:17.122000
ALB,19.0,0 days 00:01:15.626000,5.0,0 days 01:24:17.427000,0 days 00:00:19.314000,0 days 00:00:39.037000,0 days 00:00:17.275000
ALB,20.0,0 days 00:01:15.707000,5.0,0 days 01:25:33.134000,0 days 00:00:19.302000,0 days 00:00:39.037000,0 days 00:00:17.368000
ALB,21.0,0 days 00:01:16.246000,6.0,0 days 01:26:49.380000,0 days 00:00:19.538000,0 days 00:00:39.402000,0 days 00:00:17.306000
ALB,22.0,0 days 00:01:15.853000,5.0,0 days 01:28:05.233000,0 days 00:00:19.412000,0 days 00:00:39.147000,0 days 00:00:17.294000
ALB,23.0,0 days 00:01:15.732000,5.0,0 days 01:29:20.965000,0 days 00:00:19.362000,0 days 00:00:39.087000,0 days 00:00:17.283000
ALB,24.0,0 days 00:01:15.803000,5.0,0 days 01:30:36.768000,0 days 00:00:19.391000,0 days 00:00:39.047000,0 days 00:00:17.365000
ALB,25.0,0 days 00:01:15.652000,5.0,0 days 01:31:52.420000,0 days 00:00:19.324000,0 days 00:00:39.014000,0 days 00:00:17.314000
ALB,26.0,0 days 00:01:15.956000,5.0,0 days 01:33:08.376000,0 days 00:00:19.326000,0 days 00:00:39.253000,0 days 00:00:17.377000
ALB,27.0,0 days 00:01:15.687000,5.0,0 days 01:34:24.063000,0 days 00:00:19.354000,0 days 00:00:38.959000,0 days 00:00:17.374000
ALB,28.0,0 days 00:01:15.751000,5.0,0 days 01:35:39.814000,0 days 00:00:19.172000,0 days 00:00:39.174000,0 days 00:00:17.405000
ALB,29.0,0 days 00:01:15.630000,5.0,0 days 01:36:55.444000,0 days 00:00:19.279000,0 days 00:00:38.955000,0 days 00:00:17.396000
ALB,30.0,0 days 00:01:16.068000,6.0,0 days 01:38:11.512000,0 days 00:00:19.599000,0 days 00:00:39.154000,0 days 00:00:17.315000
ALB,31.0,0 days 00:01:15.673000,6.0,0 days 01:39:27.185000,0 days 00:00:19.240000,0 days 00:00:39.109000,0 days 00:00:17.324000
ALB,32.0,0 days 00:01:16.378000,6.0,0 days 01:40:43.563000,0 days 00:00:19.414000,0 days 00:00:39.579000,0 days 00:00:17.385000
ALB,33.0,0 days 00:01:16.412000,6.0,0 days 01:41:59.975000,0 days 00:00:19.581000,0 days 00:00:39.474000,0 days 00:00:17.357000
ALB,34.0,0 days 00:01:17.045000,7.0,0 days 01:43:17.020000,0 days 00:00:19.868000,0 days 00:00:39.912000,0 days 00:00:17.265000
ALB,35.0,0 days 00:01:20.772000,9.0,0 days 01:44:37.792000,0 days 00:00:19.783000,0 days 00:00:39.686000,0 days 00:00:21.303000
ALB,36.0,0 days 00:01:31.620000,16.0,0 days 01:46:09.412000,0 days 00:00:36.803000,0 days 00:00:38.195000,0 days 00:00:16.622000
ALB,37.0,0 days 00:01:13.495000,15.0,0 days 01:47:22.907000,0 days 00:00:18.747000,0 days 00:00:37.983000,0 days 00:00:16.765000
ALB,38.0,0 days 00:01:13.875000,13.0,0 days 01:48:36.782000,0 days 00:00:18.788000,0 days 00:00:38.316000,0 days 00:00:16.771000
ALB,39.0,0 days 00:01:13.683000,12.0,0 days 01:49:50.465000,0 days 00:00:18.788000,0 days 00:00:38.053000,0 days 00:00:16.842000
ALB,40.0,0 days 00:01:14.502000,11.0,0 days 01:51:04.967000,0 days 00:00:18.860000,0 days 00:00:38.753000,0 days 00:00:16.889000
ALB,41.0,0 days 00:01:14.924000,11.0,0 days 01:52:19.891000,0 days 00:00:19.078000,0 days 00:00:39.049000,0 days 00:00:16.797000
ALB,42.0,0 days 00:01:14.517000,10.0,0 days 01:53:34.408000,0 days 00:00:18.981000,0 days 00:00:38.468000,0 days 00:00:17.068000
ALB,43.0,0 days 00:01:14.872000,9.0,0 days 01:54:49.280000,0 days 00:00:19.168000,0 days 00:00:38.648000,0 days 00:00:17.056000
ALB,44.0,0 days 00:01:14.768000,9.0,0 days 01:56:04.048000,0 days 00:00:19.070000,0 days 00:00:38.659000,0 days 00:00:17.039000
ALB,45.0,0 days 00:01:14.683000,9.0,0 days 01:57:18.731000,0 days 00:00:19.004000,0 days 00:00:38.634000,0 days 00:00:17.045000
ALB,46.0,0 days 00:01:14.603000,9.0,0 days 01:58:33.334000,0 days 00:00:19.087000,0 days 00:00:38.434000,0 days 00:00:17.082000
ALB,47.0,0 days 00:01:15.614000,9.0,0 days 01:59:48.948000,0 days 00:00:19.311000,0 days 00:00:39.192000,0 days 00:00:17.111000
ALB,48.0,0 days 00:01:14.876000,9.0,0 days 02:01:03.824000,0 days 00:00:19.244000,0 days 00:00:38.497000,0 days 00:00:17.135000
ALB,49.0,0 days 00:01:14.896000,9.0,0 days 02:02:18.720000,0 days 00:00:19.148000,0 days 00:00:38.517000,0 days 00:00:17.231000
ALB,50.0,0 days 00:01:14.961000,9.0,0 days 02:03:33.681000,0 days 00:00:19.179000,0 days 00:00:38.523000,0 days 00:00:17.259000
ALB,51.0,0 days 00:01:14.977000,9.0,0 days 02:04:48.658000,0 days 00:00:19.101000,0 days 00:00:38.682000,0 days 00:00:17.194000
ALB,52.0,0 days 00:01:14.960000,9.0,0 days 02:06:03.618000,0 days 00:00:19.037000,0 days 00:00:38.754000,0 days 00:00:17.169000
ALB,53.0,0 days 00:01:15.021000,9.0,0 days 02:07:18.639000,0 days 00:00:19.132000,0 days 00:00:38.676000,0 days 00:00:17.213000
ALB,54.0,0 days 00:01:15.285000,9.0,0 days 02:08:33.924000,0 days 00:00:19.181000,0 days 00:00:38.898000,0 days 00:00:17.206000
ALB,55.0,0 days 00:01:18.437000,11.0,0 days 02:09:52.361000,0 days 00:00:19.085000,0 days 00:00:38.687000,0 days 00:00:20.665000
ALB,56.0,0 days 00:01:31.062000,15.0,0 days 02:11:23.423000,0 days 00:00:36.867000,0 days 00:00:37.560000,0 days 00:00:16.635000
ALB,57.0,0 days 00:01:12.509000,15.0,0 days 02:12:35.932000,0 days 00:00:18.693000,0 days 00:00:37.083000,0 days 00:00:16.733000
ALB,58.0,0 days 00:01:12.655000,15.0,0 days 02:13:48.587000,0 days 00:00:18.756000,0 days 00:00:37.261000,0 days 00:00:16.638000
ALB,59.0,0 days 00:01:12.400000,14.0,0 days 02:15:00.987000,0 days 00:00:18.386000,0 days 00:00:37.404000,0 days 00:00:16.610000
ALB,60.0,0 days 00:01:13.249000,13.0,0 days 02:16:14.236000,0 days 00:00:18.636000,0 days 00:00:37.664000,0 days 00:00:16.949000
ALB,61.0,0 days 00:01:13.329000,13.0,0 days 02:17:27.565000,0 days 00:00:18.767000,0 days 00:00:37.660000,0 days 00:00:16.902000
ALB,62.0,0 days 00:01:13.011000,13.0,0 days 02:18:40.576000,0 days 00:00:18.792000,0 days 00:00:37.332000,0 days 00:00:16.887000
ALB,63.0,0 days 00:01:13.345000,13.0,0 days 02:19:53.921000,0 days 00:00:18.788000,0 days 00:00:37.599000,0 days 00:00:16.958000
ALB,64.0,0 days 00:01:13.314000,13.0,0 days 02:21:07.235000,0 days 00:00:18.758000,0 days 00:00:37.585000,0 days 00:00:16.971000
ALB,65.0,0 days 00:01:13.849000,13.0,0 days 02:22:21.084000,0 days 00:00:18.850000,0 days 00:00:37.973000,0 days 00:00:17.026000
ALB,66.0,0 days 00:01:13.895000,13.0,0 days 02:23:34.979000,0 days 00:00:18.755000,0 days 00:00:38.217000,0 days 00:00:16.923000
ALB,67.0,0 days 00:01:14.466000,12.0,0 days 02:24:49.445000,0 days 00:00:18.744000,0 days 00:00:38.715000,0 days 00:00:17.007000
ALB,68.0,0 days 00:01:14.002000,12.0,0 days 02:26:03.447000,0 days 00:00:19.049000,0 days 00:00:38.121000,0 days 00:00:16.832000
ALB,69.0,0 days 00:01:14.440000,12.0,0 days 02:27:17.887000,0 days 00:00:18.679000,0 days 00:00:38.866000,0 days 00:00:16.895000
ALB,70.0,0 days 00:01:15.582000,11.0,0 days 02:28:33.469000,0 days 00:00:19.102000,0 days 00:00:39.479000,0 days 00:00:17.001000
ALB,71.0,0 days 00:01:16.983000,11.0,0 days 02:29:50.452000,0 days 00:00:19.099000,0 days 00:00:41.011000,0 days 00:00:16.873000
HUL,1.0,0 days 00:01:24.736000,12.0,0 days 00:58:19.408000,,0 days 00:00:41.458000,0 days 00:00:17.204000
HUL,2.0,0 days 00:01:54.736000,13.0,0 days 01:00:14.144000,0 days 00:00:20.588000,0 days 00:01:12.973000,0 days 00:00:21.175000
HUL,3.0,0 days 00:01:52.587000,13.0,0 days 01:02:06.731000,0 days 00:00:26.260000,0 days 00:00:59.879000,0 days 00:00:26.448000
HUL,4.0,0 days 00:01:47.063000,13.0,0 days 01:03:53.794000,0 days 00:00:26.408000,0 days 00:00:58.881000,0 days 00:00:21.774000
HUL,5.0,0 days 00:01:51.395000,13.0,0 days 01:05:45.189000,0 days 00:00:30.098000,0 days 00:00:52.446000,0 days 00:00:28.851000
HUL,6.0,0 days 00:01:18.426000,12.0,0 days 01:07:03.615000,0 days 00:00:20.662000,0 days 00:00:40.702000,0 days 00:00:17.062000
HUL,7.0,0 days 00:01:44.699000,12.0,0 days 01:08:48.314000,0 days 00:00:34.122000,0 days 00:00:45.688000,0 days 00:00:24.889000
HUL,8.0,0 days 00:01:38.885000,12.0,0 days 01:10:27.199000,0 days 00:00:27.408000,0 days 00:00:52.197000,0 days 00:00:19.280000
HUL,9.0,0 days 00:01:14.979000,12.0,0 days 01:11:42.178000,0 days 00:00:19.244000,0 days 00:00:38.976000,0 days 00:00:16.759000
HUL,10.0,0 days 00:01:15.135000,12.0,0 days 01:12:57.313000,0 days 00:00:19.059000,0 days 00:00:39.223000,0 days 00:00:16.853000
HUL,11.0,0 days 00:01:15.189000,12.0,0 days 01:14:12.502000,0 days 00:00:19.275000,0 days 00:00:38.888000,0 days 00:00:17.026000
HUL,12.0,0 days 00:01:15.530000,12.0,0 days 01:15:28.032000,0 days 00:00:19.167000,0 days 00:00:39.316000,0 days 00:00:17.047000
HUL,13.0,0 days 00:01:15.768000,12.0,0 days 01:16:43.800000,0 days 00:00:19.328000,0 days 00:00:39.407000,0 days 00:00:17.033000
HUL,14.0,0 days 00:01:15.846000,12.0,0 days 01:17:59.646000,0 days 00:00:19.365000,0 days 00:00:39.565000,0 days 00:00:16.916000
HUL,15.0,0 days 00:01:16.284000,12.0,0 days 01:19:15.930000,0 days 00:00:19.346000,0 days 00:00:39.898000,0 days 00:00:17.040000
HUL,16.0,0 days 00:01:15.828000,12.0,0 days 01:20:31.758000,0 days 00:00:19.362000,0 days 00:00:39.346000,0 days 00:00:17.120000
HUL,17.0,0 days 00:01:16.920000,12.0,0 days 01:21:48.678000,0 days 00:00:19.914000,0 days 00:00:39.775000,0 days 00:00:17.231000
HUL,18.0,0 days 00:01:16.017000,10.0,0 days 01:23:04.695000,0 days 00:00:19.373000,0 days 00:00:39.542000,0 days 00:00:17.102000
HUL,19.0,0 days 00:01:15.639000,8.0,0 days 01:24:20.334000,0 days 00:00:19.443000,0 days 00:00:39.068000,0 days 00:00:17.128000
HUL,20.0,0 days 00:01:15.942000,8.0,0 days 01:25:36.276000,0 days 00:00:19.562000,0 days 00:00:39.237000,0 days 00:00:17.143000
HUL,21.0,0 days 00:01:15.064000,7.0,0 days 01:26:51.340000,0 days 00:00:19.236000,0 days 00:00:38.522000,0 days 00:00:17.306000
HUL,22.0,0 days 00:01:15.603000,6.0,0 days 01:28:06.943000,0 days 00:00:19.417000,0 days 00:00:38.889000,0 days 00:00:17.297000
HUL,23.0,0 days 00:01:15.459000,6.0,0 days 01:29:22.402000,0 days 00:00:19.426000,0 days 00:00:38.786000,0 days 00:00:17.247000
HUL,24.0,0 days 00:01:15.153000,6.0,0 days 01:30:37.555000,0 days 00:00:19.314000,0 days 00:00:38.741000,0 days 00:00:17.098000
HUL,25.0,0 days 00:01:15.484000,6.0,0 days 01:31:53.039000,0 days 00:00:19.137000,0 days 00:00:39.053000,0 days 00:00:17.294000
HUL,26.0,0 days 00:01:15.886000,6.0,0 days 01:33:08.925000,0 days 00:00:19.286000,0 days 00:00:39.317000,0 days 00:00:17.283000
HUL,27.0,0 days 00:01:15.691000,6.0,0 days 01:34:24.616000,0 days 00:00:19.269000,0 days 00:00:39.173000,0 days 00:00:17.249000
HUL,28.0,0 days 00:01:15.552000,6.0,0 days 01:35:40.168000,0 days 00:00:19.227000,0 days 00:00:39.054000,0 days 00:00:17.271000
HUL,29.0,0 days 00:01:16.229000,7.0,0 days 01:36:56.397000,0 days 00:00:19.655000,0 days 00:00:39.359000,0 days 00:00:17.215000
HUL,30.0,0 days 00:01:15.705000,7.0,0 days 01:38:12.102000,0 days 00:00:19.161000,0 days 00:00:39.186000,0 days 00:00:17.358000
HUL,31.0,0 days 00:01:15.419000,7.0,0 days 01:39:27.521000,0 days 00:00:19.186000,0 days 00:00:39.144000,0 days 00:00:17.089000
HUL,32.0,0 days 00:01:16.344000,7.0,0 days 01:40:43.865000,0 days 00:00:19.196000,0 days 00:00:39.978000,0 days 00:00:17.170000
HUL,33.0,0 days 00:01:16.378000,7.0,0 days 01:42:00.243000,0 days 00:00:19.614000,0 days 00:00:39.563000,0 days 00:00:17.201000
HUL,34.0,0 days 00:01:15.474000,6.0,0 days 01:43:15.717000,0 days 00:00:19.292000,0 days 00:00:38.880000,0 days 00:00:17.302000
HUL,35.0,0 days 00:01:15.618000,4.0,0 days 01:44:31.335000,0 days 00:00:19.418000,0 days 00:00:38.854000,0 days 00:00:17.346000
HUL,36.0,0 days 00:01:18.996000,6.0,0 days 01:45:50.331000,0 days 00:00:19.310000,0 days 00:00:38.616000,0 days 00:00:21.070000
HUL,37.0,0 days 00:01:32.054000,14.0,0 days 01:47:22.385000,0 days 00:00:36.832000,0 days 00:00:38.504000,0 days 00:00:16.718000
HUL,38.0,0 days 00:01:13.773000,12.0,0 days 01:48:36.158000,0 days 00:00:18.800000,0 days 00:00:37.981000,0 days 00:00:16.992000
HUL,39.0,0 days 00:01:13.474000,11.0,0 days 01:49:49.632000,0 days 00:00:18.920000,0 days 00:00:37.770000,0 days 00:00:16.784000
HUL,40.0,0 days 00:01:14.766000,10.0,0 days 01:51:04.398000,0 days 00:00:19.122000,0 days 00:00:38.755000,0 days 00:00:16.889000
HUL,41.0,0 days 00:01:13.910000,9.0,0 days 01:52:18.308000,0 days 00:00:18.854000,0 days 00:00:37.981000,0 days 00:00:17.075000
HUL,42.0,0 days 00:01:14.337000,9.0,0 days 01:53:32.645000,0 days 00:00:19.068000,0 days 00:00:38.213000,0 days 00:00:17.056000
HUL,43.0,0 days 00:01:14.548000,8.0,0 days 01:54:47.193000,0 days 00:00:19.062000,0 days 00:00:38.392000,0 days 00:00:17.094000
HUL,44.0,0 days 00:01:14.683000,8.0,0 days 01:56:01.876000,0 days 00:00:19.084000,0 days 00:00:38.517000,0 days 00:00:17.082000
HUL,45.0,0 days 00:01:14.534000,8.0,0 days 01:57:16.410000,0 days 00:00:19.158000,0 days 00:00:38.386000,0 days 00:00:16.990000
HUL,46.0,0 days 00:01:14.500000,8.0,0 days 01:58:30.910000,0 days 00:00:19.166000,0 days 00:00:38.493000,0 days 00:00:16.841000
HUL,47.0,0 days 00:01:15.136000,7.0,0 days 01:59:46.046000,0 days 00:00:19.314000,0 days 00:00:38.406000,0 days 00:00:17.416000
HUL,48.0,0 days 00:01:14.684000,7.0,0 days 02:01:00.730000,0 days 00:00:19.325000,0 days 00:00:38.207000,0 days 00:00:17.152000
HUL,49.0,0 days 00:01:16.238000,8.0,0 days 02:02:16.968000,0 days 00:00:19.767000,0 days 00:00:39.282000,0 days 00:00:17.189000
HUL,50.0,0 days 00:01:14.791000,8.0,0 days 02:03:31.759000,0 days 00:00:19.165000,0 days 00:00:38.447000,0 days 00:00:17.179000
HUL,51.0,0 days 00:01:14.578000,8.0,0 days 02:04:46.337000,0 days 00:00:19.106000,0 days 00:00:38.298000,0 days 00:00:17.174000
HUL,52.0,0 days 00:01:14.848000,8.0,0 days 02:06:01.185000,0 days 00:00:19.109000,0 days 00:00:38.541000,0 days 00:00:17.198000
HUL,53.0,0 days 00:01:15,8.0,0 days 02:07:16.185000,0 days 00:00:19.330000,0 days 00:00:38.419000,0 days 00:00:17.251000
HUL,54.0,0 days 00:01:14.604000,8.0,0 days 02:08:30.789000,0 days 00:00:19.080000,0 days 00:00:38.251000,0 days 00:00:17.273000
HUL,55.0,0 days 00:01:14.609000,8.0,0 days 02:09:45.398000,0 days 00:00:19.146000,0 days 00:00:38.218000,0 days 00:00:17.245000
HUL,56.0,0 days 00:01:14.851000,8.0,0 days 02:11:00.249000,0 days 00:00:19.318000,0 days 00:00:38.318000,0 days 00:00:17.215000
HUL,57.0,0 days 00:01:14.683000,8.0,0 days 02:12:14.932000,0 days 00:00:19.137000,0 days 00:00:38.325000,0 days 00:00:17.221000
HUL,58.0,0 days 00:01:14.526000,8.0,0 days 02:13:29.458000,0 days 00:00:19.119000,0 days 00:00:38.150000,0 days 00:00:17.257000
HUL,59.0,0 days 00:01:14.678000,8.0,0 days 02:14:44.136000,0 days 00:00:19.236000,0 days 00:00:38.169000,0 days 00:00:17.273000
HUL,60.0,0 days 00:01:14.923000,8.0,0 days 02:15:59.059000,0 days 00:00:19.283000,0 days 00:00:38.369000,0 days 00:00:17.271000
HUL,61.0,0 days 00:01:14.781000,8.0,0 days 02:17:13.840000,0 days 00:00:19.210000,0 days 00:00:38.371000,0 days 00:00:17.200000
HUL,62.0,0 days 00:01:14.945000,8.0,0 days 02:18:28.785000,0 days 00:00:19.355000,0 days 00:00:38.417000,0 days 00:00:17.173000
HUL,63.0,0 days 00:01:14.577000,8.0,0 days 02:19:43.362000,0 days 00:00:19.243000,0 days 00:00:38.247000,0 days 00:00:17.087000
HUL,64.0,0 days 00:01:14.884000,8.0,0 days 02:20:58.246000,0 days 00:00:19.163000,0 days 00:00:38.610000,0 days 00:00:17.111000
HUL,65.0,0 days 00:01:15.113000,8.0,0 days 02:22:13.359000,0 days 00:00:19.147000,0 days 00:00:38.952000,0 days 00:00:17.014000
HUL,66.0,0 days 00:01:16.553000,8.0,0 days 02:23:29.912000,0 days 00:00:19.422000,0 days 00:00:39.886000,0 days 00:00:17.245000
HUL,67.0,0 days 00:01:15.545000,8.0,0 days 02:24:45.457000,0 days 00:00:19.397000,0 days 00:00:39.043000,0 days 00:00:17.105000
HUL,68.0,0 days 00:01:15.459000,8.0,0 days 02:26:00.916000,0 days 00:00:19.456000,0 days 00:00:38.924000,0 days 00:00:17.079000
HUL,69.0,0 days 00:01:15.533000,8.0,0 days 02:27:16.449000,0 days 00:00:19.306000,0 days 00:00:38.997000,0 days 00:00:17.230000
HUL,70.0,0 days 00:01:16.389000,9.0,0 days 02:28:32.838000,0 days 00:00:19.795000,0 days 00:00:39.423000,0 days 00:00:17.171000
HUL,71.0,0 days 00:01:16.754000,9.0,0 days 02:29:49.592000,0 days 00:00:19.373000,0 days 00:00:40.325000,0 days 00:00:17.056000
LAW,1.0,0 days 00:01:21.830000,6.0,0 days 00:58:16.502000,,0 days 00:00:39.630000,0 days 00:00:17.049000
LAW,2.0,0 days 00:01:47.670000,6.0,0 days 01:00:04.172000,0 days 00:00:19.748000,0 days 00:01:07.259000,0 days 00:00:20.663000
LAW,3.0,0 days 00:01:53.614000,6.0,0 days 01:01:57.786000,0 days 00:00:24.861000,0 days 00:01:04.095000,0 days 00:00:24.658000
LAW,4.0,0 days 00:01:48.804000,6.0,0 days 01:03:46.590000,0 days 00:00:26.062000,0 days 00:00:59.589000,0 days 00:00:23.153000
LAW,5.0,0 days 00:01:56.919000,6.0,0 days 01:05:43.509000,0 days 00:00:28.556000,0 days 00:00:57.224000,0 days 00:00:31.139000
LAW,6.0,0 days 00:01:17.329000,5.0,0 days 01:07:00.838000,0 days 00:00:20.571000,0 days 00:00:39.718000,0 days 00:00:17.040000
LAW,7.0,0 days 00:01:42.334000,5.0,0 days 01:08:43.172000,0 days 00:00:26.587000,0 days 00:00:51.018000,0 days 00:00:24.729000
LAW,8.0,0 days 00:01:40.510000,5.0,0 days 01:10:23.682000,0 days 00:00:26.435000,0 days 00:00:52.704000,0 days 00:00:21.371000
LAW,9.0,0 days 00:01:15.547000,6.0,0 days 01:11:39.229000,0 days 00:00:19.974000,0 days 00:00:38.691000,0 days 00:00:16.882000
LAW,10.0,0 days 00:01:14.318000,6.0,0 days 01:12:53.547000,0 days 00:00:19.081000,0 days 00:00:38.382000,0 days 00:00:16.855000
LAW,11.0,0 days 00:01:14.938000,6.0,0 days 01:14:08.485000,0 days 00:00:19.016000,0 days 00:00:38.809000,0 days 00:00:17.113000
LAW,12.0,0 days 00:01:15.683000,6.0,0 days 01:15:24.168000,0 days 00:00:19.449000,0 days 00:00:39.093000,0 days 00:00:17.141000
LAW,13.0,0 days 00:01:16.722000,7.0,0 days 01:16:40.890000,0 days 00:00:19.842000,0 days 00:00:39.610000,0 days 00:00:17.270000
LAW,14.0,0 days 00:01:15.956000,7.0,0 days 01:17:56.846000,0 days 00:00:19.521000,0 days 00:00:39.197000,0 days 00:00:17.238000
LAW,15.0,0 days 00:01:15.823000,7.0,0 days 01:19:12.669000,0 days 00:00:19.347000,0 days 00:00:39.193000,0 days 00:00:17.283000
LAW,16.0,0 days 00:01:16.016000,7.0,0 days 01:20:28.685000,0 days 00:00:19.399000,0 days 00:00:39.333000,0 days 00:00:17.284000
LAW,17.0,0 days 00:01:15.996000,6.0,0 days 01:21:44.681000,0 days 00:00:19.443000,0 days 00:00:39.281000,0 days 00:00:17.272000
LAW,18.0,0 days 00:01:15.930000,5.0,0 days 01:23:00.611000,0 days 00:00:19.396000,0 days 00:00:39.164000,0 days 00:00:17.370000
LAW,19.0,0 days 00:01:19.832000,9.0,0 days 01:24:20.443000,0 days 00:00:19.408000,0 days 00:00:38.904000,0 days 00:00:21.520000
LAW,20.0,0 days 00:01:32.394000,16.0,0 days 01:25:52.837000,0 days 00:00:36.972000,0 days 00:00:38.419000,0 days 00:00:17.003000
LAW,21.0,0 days 00:01:14.029000,16.0,0 days 01:27:06.866000,0 days 00:00:19.059000,0 days 00:00:38.077000,0 days 00:00:16.893000
LAW,22.0,0 days 00:01:14.760000,15.0,0 days 01:28:21.626000,0 days 00:00:18.940000,0 days 00:00:39.006000,0 days 00:00:16.814000
LAW,23.0,0 days 00:01:14.535000,15.0,0 days 01:29:36.161000,0 days 00:00:18.937000,0 days 00:00:38.612000,0 days 00:00:16.986000
LAW,24.0,0 days 00:01:14.910000,15.0,0 days 01:30:51.071000,0 days 00:00:19.130000,0 days 00:00:38.709000,0 days 00:00:17.071000
LAW,25.0,0 days 00:01:14.662000,14.0,0 days 01:32:05.733000,0 days 00:00:19.025000,0 days 00:00:38.590000,0 days 00:00:17.047000
LAW,26.0,0 days 00:01:14.946000,14.0,0 days 01:33:20.679000,0 days 00:00:19.109000,0 days 00:00:38.742000,0 days 00:00:17.095000
LAW,27.0,0 days 00:01:15.370000,14.0,0 days 01:34:36.049000,0 days 00:00:19.155000,0 days 00:00:39.258000,0 days 00:00:16.957000
LAW,28.0,0 days 00:01:15.412000,14.0,0 days 01:35:51.461000,0 days 00:00:19.333000,0 days 00:00:39.109000,0 days 00:00:16.970000
LAW,29.0,0 days 00:01:15.166000,11.0,0 days 01:37:06.627000,0 days 00:00:19.216000,0 days 00:00:38.957000,0 days 00:00:16.993000
LAW,30.0,0 days 00:01:15.203000,11.0,0 days 01:38:21.830000,0 days 00:00:19.141000,0 days 00:00:39.100000,0 days 00:00:16.962000
LAW,31.0,0 days 00:01:14.841000,11.0,0 days 01:39:36.671000,0 days 00:00:19.104000,0 days 00:00:38.845000,0 days 00:00:16.892000
LAW,32.0,0 days 00:01:15.692000,11.0,0 days 01:40:52.363000,0 days 00:00:19.391000,0 days 00:00:39.189000,0 days 00:00:17.112000
LAW,33.0,0 days 00:01:15.093000,11.0,0 days 01:42:07.456000,0 days 00:00:19.198000,0 days 00:00:38.782000,0 days 00:00:17.113000
LAW,34.0,0 days 00:01:15.224000,11.0,0 days 01:43:22.680000,0 days 00:00:19.318000,0 days 00:00:38.922000,0 days 00:00:16.984000
LAW,35.0,0 days 00:01:15.422000,10.0,0 days 01:44:38.102000,0 days 00:00:19.142000,0 days 00:00:39.371000,0 days 00:00:16.909000
LAW,36.0,0 days 00:01:15.546000,10.0,0 days 01:45:53.648000,0 days 00:00:19.175000,0 days 00:00:39.110000,0 days 00:00:17.261000
LAW,37.0,0 days 00:01:15.793000,8.0,0 days 01:47:09.441000,0 days 00:00:19.710000,0 days 00:00:38.958000,0 days 00:00:17.125000
LAW,38.0,0 days 00:01:14.837000,8.0,0 days 01:48:24.278000,0 days 00:00:19.191000,0 days 00:00:38.554000,0 days 00:00:17.092000
LAW,39.0,0 days 00:01:14.629000,6.0,0 days 01:49:38.907000,0 days 00:00:19.122000,0 days 00:00:38.446000,0 days 00:00:17.061000
LAW,40.0,0 days 00:01:14.674000,7.0,0 days 01:50:53.581000,0 days 00:00:19.129000,0 days 00:00:38.439000,0 days 00:00:17.106000
LAW,41.0,0 days 00:01:15.305000,7.0,0 days 01:52:08.886000,0 days 00:00:19.422000,0 days 00:00:38.800000,0 days 00:00:17.083000
LAW,42.0,0 days 00:01:14.733000,7.0,0 days 01:53:23.619000,0 days 00:00:19.160000,0 days 00:00:38.571000,0 days 00:00:17.002000
LAW,43.0,0 days 00:01:14.440000,6.0,0 days 01:54:38.059000,0 days 00:00:19.130000,0 days 00:00:38.267000,0 days 00:00:17.043000
LAW,44.0,0 days 00:01:14.599000,6.0,0 days 01:55:52.658000,0 days 00:00:19.198000,0 days 00:00:38.350000,0 days 00:00:17.051000
LAW,45.0,0 days 00:01:14.542000,6.0,0 days 01:57:07.200000,0 days 00:00:19.065000,0 days 00:00:38.405000,0 days 00:00:17.072000
LAW,46.0,0 days 00:01:14.951000,6.0,0 days 01:58:22.151000,0 days 00:00:19.272000,0 days 00:00:38.533000,0 days 00:00:17.146000
LAW,47.0,0 days 00:01:15.062000,6.0,0 days 01:59:37.213000,0 days 00:00:19.282000,0 days 00:00:38.717000,0 days 00:00:17.063000
LAW,48.0,0 days 00:01:14.925000,5.0,0 days 02:00:52.138000,0 days 00:00:19.246000,0 days 00:00:38.571000,0 days 00:00:17.108000
LAW,49.0,0 days 00:01:14.908000,4.0,0 days 02:02:07.046000,0 days 00:00:19.184000,0 days 00:00:38.485000,0 days 00:00:17.239000
LAW,50.0,0 days 00:01:15.648000,5.0,0 days 02:03:22.694000,0 days 00:00:19.688000,0 days 00:00:38.871000,0 days 00:00:17.089000
LAW,51.0,0 days 00:01:15.590000,6.0,0 days 02:04:38.284000,0 days 00:00:19.519000,0 days 00:00:38.946000,0 days 00:00:17.125000
LAW,52.0,0 days 00:01:14.871000,5.0,0 days 02:05:53.155000,0 days 00:00:19.156000,0 days 00:00:38.625000,0 days 00:00:17.090000
LAW,53.0,0 days 00:01:14.954000,5.0,0 days 02:07:08.109000,0 days 00:00:19.124000,0 days 00:00:38.619000,0 days 00:00:17.211000
LAW,54.0,0 days 00:01:15.380000,5.0,0 days 02:08:23.489000,0 days 00:00:19.167000,0 days 00:00:38.932000,0 days 00:00:17.281000
LAW,55.0,0 days 00:01:15.911000,6.0,0 days 02:09:39.400000,0 days 00:00:19.325000,0 days 00:00:39.544000,0 days 00:00:17.042000
LAW,56.0,0 days 00:01:15.363000,6.0,0 days 02:10:54.763000,0 days 00:00:19.206000,0 days 00:00:38.910000,0 days 00:00:17.247000
LAW,57.0,0 days 00:01:16.131000,7.0,0 days 02:12:10.894000,0 days 00:00:19.568000,0 days 00:00:39.347000,0 days 00:00:17.216000
LAW,58.0,0 days 00:01:15.259000,7.0,0 days 02:13:26.153000,0 days 00:00:19.178000,0 days 00:00:38.854000,0 days 00:00:17.227000
LAW,59.0,0 days 00:01:15.195000,7.0,0 days 02:14:41.348000,0 days 00:00:19.263000,0 days 00:00:38.698000,0 days 00:00:17.234000
LAW,60.0,0 days 00:01:15.417000,7.0,0 days 02:15:56.765000,0 days 00:00:19.234000,0 days 00:00:38.914000,0 days 00:00:17.269000
LAW,61.0,0 days 00:01:15.503000,7.0,0 days 02:17:12.268000,0 days 00:00:19.251000,0 days 00:00:39.053000,0 days 00:00:17.199000
LAW,62.0,0 days 00:01:15.266000,7.0,0 days 02:18:27.534000,0 days 00:00:19.242000,0 days 00:00:38.850000,0 days 00:00:17.174000
LAW,63.0,0 days 00:01:15.154000,7.0,0 days 02:19:42.688000,0 days 00:00:19.281000,0 days 00:00:38.674000,0 days 00:00:17.199000
LAW,64.0,0 days 00:01:14.981000,7.0,0 days 02:20:57.669000,0 days 00:00:19.207000,0 days 00:00:38.629000,0 days 00:00:17.145000
LAW,65.0,0 days 00:01:15.385000,7.0,0 days 02:22:13.054000,0 days 00:00:19.204000,0 days 00:00:38.963000,0 days 00:00:17.218000
LAW,66.0,0 days 00:01:16.435000,7.0,0 days 02:23:29.489000,0 days 00:00:19.666000,0 days 00:00:39.458000,0 days 00:00:17.311000
LAW,67.0,0 days 00:01:15.555000,7.0,0 days 02:24:45.044000,0 days 00:00:19.399000,0 days 00:00:38.906000,0 days 00:00:17.250000
LAW,68.0,0 days 00:01:15.364000,7.0,0 days 02:26:00.408000,0 days 00:00:19.453000,0 days 00:00:38.738000,0 days 00:00:17.173000
LAW,69.0,0 days 00:01:15.584000,7.0,0 days 02:27:15.992000,0 days 00:00:19.435000,0 days 00:00:38.882000,0 days 00:00:17.267000
LAW,70.0,0 days 00:01:15.815000,7.0,0 days 02:28:31.807000,0 days 00:00:19.505000,0 days 00:00:38.975000,0 days 00:00:17.335000
LAW,71.0,0 days 00:01:17.103000,7.0,0 days 02:29:48.910000,0 days 00:00:20.103000,0 days 00:00:39.696000,0 days 00:00:17.304000
OCO,1.0,0 days 00:01:28.381000,19.0,0 days 00:58:23.053000,,0 days 00:00:39.043000,0 days 00:00:17.355000
OCO,2.0,0 days 00:02:00.336000,18.0,0 days 01:00:23.389000,0 days 00:00:24.505000,0 days 00:01:12.392000,0 days 00:00:23.439000
OCO,3.0,0 days 00:01:48.726000,17.0,0 days 01:02:12.115000,0 days 00:00:21.789000,0 days 00:00:58.410000,0 days 00:00:28.527000
OCO,4.0,0 days 00:01:46.784000,17.0,0 days 01:03:58.899000,0 days 00:00:25.318000,0 days 00:00:59.940000,0 days 00:00:21.526000
OCO,5.0,0 days 00:01:47.402000,17.0,0 days 01:05:46.301000,0 days 00:00:30.068000,0 days 00:00:50.189000,0 days 00:00:27.145000
OCO,6.0,0 days 00:01:19.208000,16.0,0 days 01:07:05.509000,0 days 00:00:20.963000,0 days 00:00:41.380000,0 days 00:00:16.865000
OCO,7.0,0 days 00:01:45.147000,15.0,0 days 01:08:50.656000,0 days 00:00:37.381000,0 days 00:00:43.543000,0 days 00:00:24.223000
OCO,8.0,0 days 00:01:41.912000,16.0,0 days 01:10:32.568000,0 days 00:00:27.270000,0 days 00:00:52.621000,0 days 00:00:22.021000
OCO,9.0,0 days 00:01:33.352000,18.0,0 days 01:12:05.920000,0 days 00:00:38.101000,0 days 00:00:38.377000,0 days 00:00:16.874000
OCO,10.0,0 days 00:01:13.481000,18.0,0 days 01:13:19.401000,0 days 00:00:19.148000,0 days 00:00:37.442000,0 days 00:00:16.891000
OCO,11.0,0 days 00:01:14.204000,18.0,0 days 01:14:33.605000,0 days 00:00:19.325000,0 days 00:00:37.888000,0 days 00:00:16.991000
OCO,12.0,0 days 00:01:14.512000,18.0,0 days 01:15:48.117000,0 days 00:00:19.257000,0 days 00:00:38.145000,0 days 00:00:17.110000
OCO,13.0,0 days 00:01:14.672000,18.0,0 days 01:17:02.789000,0 days 00:00:19.225000,0 days 00:00:38.353000,0 days 00:00:17.094000
OCO,14.0,0 days 00:01:15.017000,18.0,0 days 01:18:17.806000,0 days 00:00:19.195000,0 days 00:00:38.627000,0 days 00:00:17.195000
OCO,15.0,0 days 00:01:15.234000,17.0,0 days 01:19:33.040000,0 days 00:00:19.254000,0 days 00:00:38.753000,0 days 00:00:17.227000
OCO,16.0,0 days 00:01:15.144000,17.0,0 days 01:20:48.184000,0 days 00:00:19.360000,0 days 00:00:38.560000,0 days 00:00:17.224000
OCO,17.0,0 days 00:01:15.583000,17.0,0 days 01:22:03.767000,0 days 00:00:19.414000,0 days 00:00:38.956000,0 days 00:00:17.213000
OCO,18.0,0 days 00:01:15.518000,16.0,0 days 01:23:19.285000,0 days 00:00:19.437000,0 days 00:00:38.758000,0 days 00:00:17.323000
OCO,19.0,0 days 00:01:15.803000,14.0,0 days 01:24:35.088000,0 days 00:00:19.709000,0 days 00:00:38.912000,0 days 00:00:17.182000
OCO,20.0,0 days 00:01:15.177000,13.0,0 days 01:25:50.265000,0 days 00:00:19.323000,0 days 00:00:38.678000,0 days 00:00:17.176000
OCO,21.0,0 days 00:01:15.094000,13.0,0 days 01:27:05.359000,0 days 00:00:19.298000,0 days 00:00:38.594000,0 days 00:00:17.202000
OCO,22.0,0 days 00:01:17.174000,16.0,0 days 01:28:22.533000,0 days 00:00:19.646000,0 days 00:00:40.299000,0 days 00:00:17.229000
OCO,23.0,0 days 00:01:15.889000,17.0,0 days 01:29:38.422000,0 days 00:00:19.423000,0 days 00:00:39.285000,0 days 00:00:17.181000
OCO,24.0,0 days 00:01:15.375000,17.0,0 days 01:30:53.797000,0 days 00:00:19.120000,0 days 00:00:38.961000,0 days 00:00:17.294000
OCO,25.0,0 days 00:01:15.485000,16.0,0 days 01:32:09.282000,0 days 00:00:19.361000,0 days 00:00:38.812000,0 days 00:00:17.312000
OCO,26.0,0 days 00:01:15.497000,16.0,0 days 01:33:24.779000,0 days 00:00:19.392000,0 days 00:00:38.839000,0 days 00:00:17.266000
OCO,27.0,0 days 00:01:15.483000,16.0,0 days 01:34:40.262000,0 days 00:00:19.328000,0 days 00:00:38.916000,0 days 00:00:17.239000
OCO,28.0,0 days 00:01:15.502000,16.0,0 days 01:35:55.764000,0 days 00:00:19.210000,0 days 00:00:38.995000,0 days 00:00:17.297000
OCO,29.0,0 days 00:01:15.636000,15.0,0 days 01:37:11.400000,0 days 00:00:19.302000,0 days 00:00:38.880000,0 days 00:00:17.454000
OCO,30.0,0 days 00:01:15.355000,13.0,0 days 01:38:26.755000,0 days 00:00:19.183000,0 days 00:00:38.900000,0 days 00:00:17.272000
OCO,31.0,0 days 00:01:15.335000,13.0,0 days 01:39:42.090000,0 days 00:00:19.238000,0 days 00:00:38.801000,0 days 00:00:17.296000
OCO,32.0,0 days 00:01:15.371000,13.0,0 days 01:40:57.461000,0 days 00:00:19.226000,0 days 00:00:38.863000,0 days 00:00:17.282000
OCO,33.0,0 days 00:01:15.144000,13.0,0 days 01:42:12.605000,0 days 00:00:19.214000,0 days 00:00:38.646000,0 days 00:00:17.284000
OCO,34.0,0 days 00:01:15.523000,13.0,0 days 01:43:28.128000,0 days 00:00:19.246000,0 days 00:00:39.001000,0 days 00:00:17.276000
OCO,35.0,0 days 00:01:15.595000,13.0,0 days 01:44:43.723000,0 days 00:00:19.318000,0 days 00:00:39.038000,0 days 00:00:17.239000
OCO,36.0,0 days 00:01:15.277000,12.0,0 days 01:45:59,0 days 00:00:19.235000,0 days 00:00:38.711000,0 days 00:00:17.331000
OCO,37.0,0 days 00:01:15.289000,11.0,0 days 01:47:14.289000,0 days 00:00:19.240000,0 days 00:00:38.792000,0 days 00:00:17.257000
OCO,38.0,0 days 00:01:15.165000,9.0,0 days 01:48:29.454000,0 days 00:00:19.183000,0 days 00:00:38.762000,0 days 00:00:17.220000
OCO,39.0,0 days 00:01:15.320000,9.0,0 days 01:49:44.774000,0 days 00:00:19.275000,0 days 00:00:38.861000,0 days 00:00:17.184000
OCO,40.0,0 days 00:01:15.388000,8.0,0 days 01:51:00.162000,0 days 00:00:19.233000,0 days 00:00:38.970000,0 days 00:00:17.185000
OCO,41.0,0 days 00:01:15.110000,8.0,0 days 01:52:15.272000,0 days 00:00:19.184000,0 days 00:00:38.751000,0 days 00:00:17.175000
OCO,42.0,0 days 00:01:15.165000,8.0,0 days 01:53:30.437000,0 days 00:00:19.203000,0 days 00:00:38.774000,0 days 00:00:17.188000
OCO,43.0,0 days 00:01:15.009000,7.0,0 days 01:54:45.446000,0 days 00:00:19.244000,0 days 00:00:38.552000,0 days 00:00:17.213000
OCO,44.0,0 days 00:01:15.190000,7.0,0 days 01:56:00.636000,0 days 00:00:19.186000,0 days 00:00:38.813000,0 days 00:00:17.191000
OCO,45.0,0 days 00:01:15.067000,7.0,0 days 01:57:15.703000,0 days 00:00:19.257000,0 days 00:00:38.633000,0 days 00:00:17.177000
OCO,46.0,0 days 00:01:15.097000,7.0,0 days 01:58:30.800000,0 days 00:00:19.211000,0 days 00:00:38.622000,0 days 00:00:17.264000
OCO,47.0,0 days 00:01:20.583000,10.0,0 days 01:59:51.383000,0 days 00:00:19.643000,0 days 00:00:39.369000,0 days 00:00:21.571000
OCO,48.0,0 days 00:01:32.569000,14.0,0 days 02:01:23.952000,0 days 00:00:37.874000,0 days 00:00:37.906000,0 days 00:00:16.789000
OCO,49.0,0 days 00:01:13.688000,14.0,0 days 02:02:37.640000,0 days 00:00:18.986000,0 days 00:00:37.824000,0 days 00:00:16.878000
OCO,50.0,0 days 00:01:13.571000,14.0,0 days 02:03:51.211000,0 days 00:00:19.035000,0 days 00:00:37.688000,0 days 00:00:16.848000
OCO,51.0,0 days 00:01:13.745000,14.0,0 days 02:05:04.956000,0 days 00:00:18.882000,0 days 00:00:37.973000,0 days 00:00:16.890000
OCO,52.0,0 days 00:01:13.610000,14.0,0 days 02:06:18.566000,0 days 00:00:18.863000,0 days 00:00:37.817000,0 days 00:00:16.930000
OCO,53.0,0 days 00:01:13.767000,14.0,0 days 02:07:32.333000,0 days 00:00:18.947000,0 days 00:00:37.841000,0 days 00:00:16.979000
OCO,54.0,0 days 00:01:13.816000,14.0,0 days 02:08:46.149000,0 days 00:00:18.929000,0 days 00:00:37.943000,0 days 00:00:16.944000
OCO,55.0,0 days 00:01:13.974000,13.0,0 days 02:10:00.123000,0 days 00:00:19.013000,0 days 00:00:37.963000,0 days 00:00:16.998000
OCO,56.0,0 days 00:01:13.749000,12.0,0 days 02:11:13.872000,0 days 00:00:18.943000,0 days 00:00:37.941000,0 days 00:00:16.865000
OCO,57.0,0 days 00:01:13.923000,12.0,0 days 02:12:27.795000,0 days 00:00:18.907000,0 days 00:00:37.995000,0 days 00:00:17.021000
OCO,58.0,0 days 00:01:13.987000,12.0,0 days 02:13:41.782000,0 days 00:00:19.029000,0 days 00:00:37.945000,0 days 00:00:17.013000
OCO,59.0,0 days 00:01:13.875000,12.0,0 days 02:14:55.657000,0 days 00:00:19.010000,0 days 00:00:37.835000,0 days 00:00:17.030000
OCO,60.0,0 days 00:01:14.040000,12.0,0 days 02:16:09.697000,0 days 00:00:18.976000,0 days 00:00:38.063000,0 days 00:00:17.001000
OCO,61.0,0 days 00:01:13.778000,12.0,0 days 02:17:23.475000,0 days 00:00:18.910000,0 days 00:00:37.963000,0 days 00:00:16.905000
OCO,62.0,0 days 00:01:13.924000,12.0,0 days 02:18:37.399000,0 days 00:00:19.008000,0 days 00:00:37.981000,0 days 00:00:16.935000
OCO,63.0,0 days 00:01:14.051000,12.0,0 days 02:19:51.450000,0 days 00:00:19.032000,0 days 00:00:38.032000,0 days 00:00:16.987000
OCO,64.0,0 days 00:01:13.912000,12.0,0 days 02:21:05.362000,0 days 00:00:18.951000,0 days 00:00:37.996000,0 days 00:00:16.965000
OCO,65.0,0 days 00:01:13.907000,12.0,0 days 02:22:19.269000,0 days 00:00:18.984000,0 days 00:00:38.106000,0 days 00:00:16.817000
OCO,66.0,0 days 00:01:14.650000,12.0,0 days 02:23:33.919000,0 days 00:00:18.861000,0 days 00:00:38.920000,0 days 00:00:16.869000
OCO,67.0,0 days 00:01:14.487000,11.0,0 days 02:24:48.406000,0 days 00:00:19.248000,0 days 00:00:38.239000,0 days 00:00:17
OCO,68.0,0 days 00:01:13.993000,11.0,0 days 02:26:02.399000,0 days 00:00:18.936000,0 days 00:00:38.271000,0 days 00:00:16.786000
OCO,69.0,0 days 00:01:15.114000,11.0,0 days 02:27:17.513000,0 days 00:00:18.932000,0 days 00:00:39.290000,0 days 00:00:16.892000
OCO,70.0,0 days 00:01:16.387000,12.0,0 days 02:28:33.900000,0 days 00:00:19.794000,0 days 00:00:39.511000,0 days 00:00:17.082000
OCO,71.0,0 days 00:01:17.064000,12.0,0 days 02:29:50.964000,0 days 00:00:19.068000,0 days 00:00:40.772000,0 days 00:00:17.224000
NOR,1.0,0 days 00:01:18.067000,1.0,0 days 00:58:12.739000,,0 days 00:00:37.520000,0 days 00:00:16.996000
NOR,2.0,0 days 00:01:41.996000,1.0,0 days 00:59:54.735000,0 days 00:00:19.277000,0 days 00:01:01.377000,0 days 00:00:21.342000
NOR,3.0,0 days 00:01:54.600000,1.0,0 days 01:01:49.335000,0 days 00:00:24.166000,0 days 00:01:03.091000,0 days 00:00:27.343000
NOR,4.0,0 days 00:01:49.769000,1.0,0 days 01:03:39.104000,0 days 00:00:28.694000,0 days 00:00:56.496000,0 days 00:00:24.579000
NOR,5.0,0 days 00:02:03.590000,1.0,0 days 01:05:42.694000,0 days 00:00:27.021000,0 days 00:01:01.768000,0 days 00:00:34.801000
NOR,6.0,0 days 00:01:14.539000,1.0,0 days 01:06:57.233000,0 days 00:00:19.975000,0 days 00:00:37.611000,0 days 00:00:16.953000
NOR,7.0,0 days 00:01:40.233000,1.0,0 days 01:08:37.466000,0 days 00:00:22.058000,0 days 00:00:54.232000,0 days 00:00:23.943000
NOR,8.0,0 days 00:01:42.681000,1.0,0 days 01:10:20.147000,0 days 00:00:28.357000,0 days 00:00:51.481000,0 days 00:00:22.843000
NOR,9.0,0 days 00:01:13.489000,1.0,0 days 01:11:33.636000,0 days 00:00:19.287000,0 days 00:00:37.303000,0 days 00:00:16.899000
NOR,10.0,0 days 00:01:13.773000,1.0,0 days 01:12:47.409000,0 days 00:00:19.096000,0 days 00:00:37.781000,0 days 00:00:16.896000
NOR,11.0,0 days 00:01:14.357000,1.0,0 days 01:14:01.766000,0 days 00:00:19.227000,0 days 00:00:38.133000,0 days 00:00:16.997000
NOR,12.0,0 days 00:01:14.360000,1.0,0 days 01:15:16.126000,0 days 00:00:19.215000,0 days 00:00:38.187000,0 days 00:00:16.958000
NOR,13.0,0 days 00:01:14.631000,1.0,0 days 01:16:30.757000,0 days 00:00:19.322000,0 days 00:00:38.274000,0 days 00:00:17.035000
NOR,14.0,0 days 00:01:14.740000,1.0,0 days 01:17:45.497000,0 days 00:00:19.251000,0 days 00:00:38.355000,0 days 00:00:17.134000
NOR,15.0,0 days 00:01:14.572000,1.0,0 days 01:19:00.069000,0 days 00:00:19.236000,0 days 00:00:38.247000,0 days 00:00:17.089000
NOR,16.0,0 days 00:01:14.831000,1.0,0 days 01:20:14.900000,0 days 00:00:19.278000,0 days 00:00:38.414000,0 days 00:00:17.139000
NOR,17.0,0 days 00:01:14.771000,1.0,0 days 01:21:29.671000,0 days 00:00:19.279000,0 days 00:00:38.315000,0 days 00:00:17.177000
NOR,18.0,0 days 00:01:14.773000,1.0,0 days 01:22:44.444000,0 days 00:00:19.250000,0 days 00:00:38.317000,0 days 00:00:17.206000
NOR,19.0,0 days 00:01:14.807000,1.0,0 days 01:23:59.251000,0 days 00:00:19.317000,0 days 00:00:38.271000,0 days 00:00:17.219000
NOR,20.0,0 days 00:01:14.899000,1.0,0 days 01:25:14.150000,0 days 00:00:19.216000,0 days 00:00:38.495000,0 days 00:00:17.188000
NOR,21.0,0 days 00:01:14.642000,1.0,0 days 01:26:28.792000,0 days 00:00:19.126000,0 days 00:00:38.383000,0 days 00:00:17.133000
NOR,22.0,0 days 00:01:14.742000,1.0,0 days 01:27:43.534000,0 days 00:00:19.140000,0 days 00:00:38.435000,0 days 00:00:17.167000
NOR,23.0,0 days 00:01:14.850000,1.0,0 days 01:28:58.384000,0 days 00:00:19.213000,0 days 00:00:38.456000,0 days 00:00:17.181000
NOR,24.0,0 days 00:01:14.759000,1.0,0 days 01:30:13.143000,0 days 00:00:19.132000,0 days 00:00:38.458000,0 days 00:00:17.169000
NOR,25.0,0 days 00:01:14.977000,1.0,0 days 01:31:28.120000,0 days 00:00:19.213000,0 days 00:00:38.527000,0 days 00:00:17.237000
NOR,26.0,0 days 00:01:15.031000,1.0,0 days 01:32:43.151000,0 days 00:00:19.312000,0 days 00:00:38.468000,0 days 00:00:17.251000
NOR,27.0,0 days 00:01:14.801000,1.0,0 days 01:33:57.952000,0 days 00:00:19.209000,0 days 00:00:38.398000,0 days 00:00:17.194000
NOR,28.0,0 days 00:01:14.887000,1.0,0 days 01:35:12.839000,0 days 00:00:19.181000,0 days 00:00:38.467000,0 days 00:00:17.239000
NOR,29.0,0 days 00:01:14.685000,1.0,0 days 01:36:27.524000,0 days 00:00:19.185000,0 days 00:00:38.259000,0 days 00:00:17.241000
NOR,30.0,0 days 00:01:18.720000,1.0,0 days 01:37:46.244000,0 days 00:00:19.145000,0 days 00:00:38.464000,0 days 00:00:21.111000
NOR,31.0,0 days 00:01:32.876000,4.0,0 days 01:39:19.120000,0 days 00:00:37.743000,0 days 00:00:38.344000,0 days 00:00:16.789000
NOR,32.0,0 days 00:01:14.233000,3.0,0 days 01:40:33.353000,0 days 00:00:19.086000,0 days 00:00:38.333000,0 days 00:00:16.814000
NOR,33.0,0 days 00:01:14.187000,3.0,0 days 01:41:47.540000,0 days 00:00:18.974000,0 days 00:00:38.310000,0 days 00:00:16.903000
NOR,34.0,0 days 00:01:14.217000,2.0,0 days 01:43:01.757000,0 days 00:00:18.971000,0 days 00:00:38.151000,0 days 00:00:17.095000
NOR,35.0,0 days 00:01:14.147000,2.0,0 days 01:44:15.904000,0 days 00:00:19.039000,0 days 00:00:38.135000,0 days 00:00:16.973000
NOR,36.0,0 days 00:01:13.968000,2.0,0 days 01:45:29.872000,0 days 00:00:19.062000,0 days 00:00:37.888000,0 days 00:00:17.018000
NOR,37.0,0 days 00:01:14.187000,2.0,0 days 01:46:44.059000,0 days 00:00:19.192000,0 days 00:00:38.012000,0 days 00:00:16.983000
NOR,38.0,0 days 00:01:14.275000,2.0,0 days 01:47:58.334000,0 days 00:00:19.055000,0 days 00:00:38.216000,0 days 00:00:17.004000
NOR,39.0,0 days 00:01:14.304000,1.0,0 days 01:49:12.638000,0 days 00:00:19.017000,0 days 00:00:38.243000,0 days 00:00:17.044000
NOR,40.0,0 days 00:01:14.355000,1.0,0 days 01:50:26.993000,0 days 00:00:19.011000,0 days 00:00:38.279000,0 days 00:00:17.065000
NOR,41.0,0 days 00:01:14.495000,1.0,0 days 01:51:41.488000,0 days 00:00:19.162000,0 days 00:00:38.231000,0 days 00:00:17.102000
NOR,42.0,0 days 00:01:14.493000,1.0,0 days 01:52:55.981000,0 days 00:00:19.160000,0 days 00:00:38.240000,0 days 00:00:17.093000
NOR,43.0,0 days 00:01:14.434000,1.0,0 days 01:54:10.415000,0 days 00:00:19.045000,0 days 00:00:38.214000,0 days 00:00:17.175000
NOR,44.0,0 days 00:01:14.371000,1.0,0 days 01:55:24.786000,0 days 00:00:19.165000,0 days 00:00:38.096000,0 days 00:00:17.110000
NOR,45.0,0 days 00:01:14.431000,1.0,0 days 01:56:39.217000,0 days 00:00:19.107000,0 days 00:00:38.247000,0 days 00:00:17.077000
NOR,46.0,0 days 00:01:14.452000,1.0,0 days 01:57:53.669000,0 days 00:00:19.068000,0 days 00:00:38.313000,0 days 00:00:17.071000
NOR,47.0,0 days 00:01:14.510000,1.0,0 days 01:59:08.179000,0 days 00:00:19.056000,0 days 00:00:38.356000,0 days 00:00:17.098000
NOR,48.0,0 days 00:01:14.386000,1.0,0 days 02:00:22.565000,0 days 00:00:19.165000,0 days 00:00:38.150000,0 days 00:00:17.071000
NOR,49.0,0 days 00:01:14.379000,1.0,0 days 02:01:36.944000,0 days 00:00:19.041000,0 days 00:00:38.169000,0 days 00:00:17.169000
NOR,50.0,0 days 00:01:17.963000,1.0,0 days 02:02:54.907000,0 days 00:00:18.936000,0 days 00:00:38.103000,0 days 00:00:20.924000
NOR,51.0,0 days 00:01:32.381000,3.0,0 days 02:04:27.288000,0 days 00:00:37.350000,0 days 00:00:38.256000,0 days 00:00:16.775000
NOR,52.0,0 days 00:01:13.632000,2.0,0 days 02:05:40.920000,0 days 00:00:18.911000,0 days 00:00:37.914000,0 days 00:00:16.807000
NOR,53.0,0 days 00:01:13.611000,2.0,0 days 02:06:54.531000,0 days 00:00:18.852000,0 days 00:00:37.936000,0 days 00:00:16.823000
NOR,54.0,0 days 00:01:13.471000,2.0,0 days 02:08:08.002000,0 days 00:00:18.829000,0 days 00:00:37.802000,0 days 00:00:16.840000
NOR,55.0,0 days 00:01:13.808000,1.0,0 days 02:09:21.810000,0 days 00:00:18.950000,0 days 00:00:37.898000,0 days 00:00:16.960000
NOR,56.0,0 days 00:01:13.371000,1.0,0 days 02:10:35.181000,0 days 00:00:18.833000,0 days 00:00:37.710000,0 days 00:00:16.828000
NOR,57.0,0 days 00:01:13.356000,1.0,0 days 02:11:48.537000,0 days 00:00:18.762000,0 days 00:00:37.691000,0 days 00:00:16.903000
NOR,58.0,0 days 00:01:13.350000,1.0,0 days 02:13:01.887000,0 days 00:00:18.789000,0 days 00:00:37.652000,0 days 00:00:16.909000
NOR,59.0,0 days 00:01:13.596000,1.0,0 days 02:14:15.483000,0 days 00:00:18.900000,0 days 00:00:37.758000,0 days 00:00:16.938000
NOR,60.0,0 days 00:01:13.526000,1.0,0 days 02:15:29.009000,0 days 00:00:19.013000,0 days 00:00:37.605000,0 days 00:00:16.908000
NOR,61.0,0 days 00:01:13.447000,1.0,0 days 02:16:42.456000,0 days 00:00:18.844000,0 days 00:00:37.662000,0 days 00:00:16.941000
NOR,62.0,0 days 00:01:13.689000,1.0,0 days 02:17:56.145000,0 days 00:00:18.866000,0 days 00:00:37.886000,0 days 00:00:16.937000
NOR,63.0,0 days 00:01:13.211000,1.0,0 days 02:19:09.356000,0 days 00:00:18.929000,0 days 00:00:37.369000,0 days 00:00:16.913000
NOR,64.0,0 days 00:01:13.177000,1.0,0 days 02:20:22.533000,0 days 00:00:18.889000,0 days 00:00:37.444000,0 days 00:00:16.844000
NOR,65.0,0 days 00:01:13.346000,1.0,0 days 02:21:35.879000,0 days 00:00:18.781000,0 days 00:00:37.646000,0 days 00:00:16.919000
NOR,66.0,0 days 00:01:13.040000,1.0,0 days 02:22:48.919000,0 days 00:00:18.720000,0 days 00:00:37.463000,0 days 00:00:16.857000
NOR,67.0,0 days 00:01:13.637000,1.0,0 days 02:24:02.556000,0 days 00:00:18.865000,0 days 00:00:37.867000,0 days 00:00:16.905000
NOR,68.0,0 days 00:01:13.411000,1.0,0 days 02:25:15.967000,0 days 00:00:18.810000,0 days 00:00:37.667000,0 days 00:00:16.934000
NOR,69.0,0 days 00:01:13.297000,1.0,0 days 02:26:29.264000,0 days 00:00:18.795000,0 days 00:00:37.608000,0 days 00:00:16.894000
NOR,70.0,0 days 00:01:13.567000,1.0,0 days 02:27:42.831000,0 days 00:00:18.808000,0 days 00:00:37.813000,0 days 00:00:16.946000
NOR,71.0,0 days 00:01:13.437000,1.0,0 days 02:28:56.268000,0 days 00:00:18.766000,0 days 00:00:37.739000,0 days 00:00:16.932000
COL,1.0,0 days 00:01:26.575000,16.0,0 days 00:58:21.247000,,0 days 00:00:41.599000,0 days 00:00:17.470000
COL,2.0,0 days 00:01:58.185000,15.0,0 days 01:00:19.432000,0 days 00:00:20.648000,0 days 00:01:15.939000,0 days 00:00:21.598000
COL,3.0,0 days 00:01:49.957000,15.0,0 days 01:02:09.389000,0 days 00:00:23.839000,0 days 00:00:58.823000,0 days 00:00:27.295000
COL,4.0,0 days 00:01:46.598000,15.0,0 days 01:03:55.987000,0 days 00:00:26.302000,0 days 00:00:59.733000,0 days 00:00:20.563000
COL,5.0,0 days 00:01:49.687000,14.0,0 days 01:05:45.674000,0 days 00:00:30.803000,0 days 00:00:50.615000,0 days 00:00:28.269000
COL,6.0,0 days 00:01:19.463000,14.0,0 days 01:07:05.137000,0 days 00:00:21.417000,0 days 00:00:40.733000,0 days 00:00:17.313000
COL,7.0,0 days 00:01:44.125000,13.0,0 days 01:08:49.262000,0 days 00:00:35.657000,0 days 00:00:44.297000,0 days 00:00:24.171000
COL,8.0,0 days 00:01:38.845000,14.0,0 days 01:10:28.107000,0 days 00:00:27.321000,0 days 00:00:52.324000,0 days 00:00:19.200000
COL,9.0,0 days 00:01:15.510000,14.0,0 days 01:11:43.617000,0 days 00:00:19.521000,0 days 00:00:38.999000,0 days 00:00:16.990000
COL,10.0,0 days 00:01:15.342000,14.0,0 days 01:12:58.959000,0 days 00:00:19.169000,0 days 00:00:39.016000,0 days 00:00:17.157000
COL,11.0,0 days 00:01:15.439000,14.0,0 days 01:14:14.398000,0 days 00:00:19.362000,0 days 00:00:38.920000,0 days 00:00:17.157000
COL,12.0,0 days 00:01:15.489000,14.0,0 days 01:15:29.887000,0 days 00:00:19.323000,0 days 00:00:38.998000,0 days 00:00:17.168000
COL,13.0,0 days 00:01:16.069000,15.0,0 days 01:16:45.956000,0 days 00:00:19.224000,0 days 00:00:39.437000,0 days 00:00:17.408000
COL,14.0,0 days 00:01:16.473000,15.0,0 days 01:18:02.429000,0 days 00:00:19.687000,0 days 00:00:39.401000,0 days 00:00:17.385000
COL,15.0,0 days 00:01:16.704000,15.0,0 days 01:19:19.133000,0 days 00:00:19.516000,0 days 00:00:39.707000,0 days 00:00:17.481000
COL,16.0,0 days 00:01:16.245000,15.0,0 days 01:20:35.378000,0 days 00:00:19.421000,0 days 00:00:39.415000,0 days 00:00:17.409000
COL,17.0,0 days 00:01:16.103000,15.0,0 days 01:21:51.481000,0 days 00:00:19.426000,0 days 00:00:39.300000,0 days 00:00:17.377000
COL,18.0,0 days 00:01:15.752000,13.0,0 days 01:23:07.233000,0 days 00:00:19.324000,0 days 00:00:39.035000,0 days 00:00:17.393000
COL,19.0,0 days 00:01:15.867000,11.0,0 days 01:24:23.100000,0 days 00:00:19.455000,0 days 00:00:39.083000,0 days 00:00:17.329000
COL,20.0,0 days 00:01:15.940000,10.0,0 days 01:25:39.040000,0 days 00:00:19.404000,0 days 00:00:39.202000,0 days 00:00:17.334000
COL,21.0,0 days 00:01:15.943000,10.0,0 days 01:26:54.983000,0 days 00:00:19.324000,0 days 00:00:39.169000,0 days 00:00:17.450000
COL,22.0,0 days 00:01:16.161000,9.0,0 days 01:28:11.144000,0 days 00:00:19.544000,0 days 00:00:39.267000,0 days 00:00:17.350000
COL,23.0,0 days 00:01:16.066000,10.0,0 days 01:29:27.210000,0 days 00:00:19.502000,0 days 00:00:39.194000,0 days 00:00:17.370000
COL,24.0,0 days 00:01:16.443000,9.0,0 days 01:30:43.653000,0 days 00:00:19.638000,0 days 00:00:39.448000,0 days 00:00:17.357000
COL,25.0,0 days 00:01:15.987000,9.0,0 days 01:31:59.640000,0 days 00:00:19.408000,0 days 00:00:39.195000,0 days 00:00:17.384000
COL,26.0,0 days 00:01:16.006000,9.0,0 days 01:33:15.646000,0 days 00:00:19.416000,0 days 00:00:39.198000,0 days 00:00:17.392000
COL,27.0,0 days 00:01:16.581000,10.0,0 days 01:34:32.227000,0 days 00:00:19.725000,0 days 00:00:39.517000,0 days 00:00:17.339000
COL,28.0,0 days 00:01:16.059000,9.0,0 days 01:35:48.286000,0 days 00:00:19.422000,0 days 00:00:39.271000,0 days 00:00:17.366000
COL,29.0,0 days 00:01:19.686000,12.0,0 days 01:37:07.972000,0 days 00:00:19.304000,0 days 00:00:38.964000,0 days 00:00:21.418000
COL,30.0,0 days 00:01:32.679000,16.0,0 days 01:38:40.651000,0 days 00:00:37.515000,0 days 00:00:37.973000,0 days 00:00:17.191000
COL,31.0,0 days 00:01:14.429000,16.0,0 days 01:39:55.080000,0 days 00:00:19.082000,0 days 00:00:38.210000,0 days 00:00:17.137000
COL,32.0,0 days 00:01:14.301000,16.0,0 days 01:41:09.381000,0 days 00:00:18.995000,0 days 00:00:38.241000,0 days 00:00:17.065000
COL,33.0,0 days 00:01:14.622000,15.0,0 days 01:42:24.003000,0 days 00:00:19.027000,0 days 00:00:38.491000,0 days 00:00:17.104000
COL,34.0,0 days 00:01:14.573000,15.0,0 days 01:43:38.576000,0 days 00:00:19.105000,0 days 00:00:38.417000,0 days 00:00:17.051000
COL,35.0,0 days 00:01:14.504000,15.0,0 days 01:44:53.080000,0 days 00:00:19.041000,0 days 00:00:38.341000,0 days 00:00:17.122000
COL,36.0,0 days 00:01:14.751000,14.0,0 days 01:46:07.831000,0 days 00:00:19.178000,0 days 00:00:38.472000,0 days 00:00:17.101000
COL,37.0,0 days 00:01:14.417000,13.0,0 days 01:47:22.248000,0 days 00:00:19.114000,0 days 00:00:38.226000,0 days 00:00:17.077000
COL,38.0,0 days 00:01:16.046000,14.0,0 days 01:48:38.294000,0 days 00:00:19.340000,0 days 00:00:39.562000,0 days 00:00:17.144000
COL,39.0,0 days 00:01:14.745000,13.0,0 days 01:49:53.039000,0 days 00:00:19.103000,0 days 00:00:38.504000,0 days 00:00:17.138000
COL,40.0,0 days 00:01:14.663000,12.0,0 days 01:51:07.702000,0 days 00:00:19.135000,0 days 00:00:38.451000,0 days 00:00:17.077000
COL,41.0,0 days 00:01:14.970000,12.0,0 days 01:52:22.672000,0 days 00:00:19.100000,0 days 00:00:38.715000,0 days 00:00:17.155000
COL,42.0,0 days 00:01:16.380000,13.0,0 days 01:53:39.052000,0 days 00:00:19.724000,0 days 00:00:39.492000,0 days 00:00:17.164000
COL,43.0,0 days 00:01:19.598000,16.0,0 days 01:54:58.650000,0 days 00:00:19.403000,0 days 00:00:39.142000,0 days 00:00:21.053000
COL,44.0,0 days 00:01:34.676000,17.0,0 days 01:56:33.326000,0 days 00:00:39.837000,0 days 00:00:37.963000,0 days 00:00:16.876000
COL,45.0,0 days 00:01:12.816000,17.0,0 days 01:57:46.142000,0 days 00:00:18.915000,0 days 00:00:37.100000,0 days 00:00:16.801000
COL,46.0,0 days 00:01:13.363000,17.0,0 days 01:58:59.505000,0 days 00:00:18.914000,0 days 00:00:37.454000,0 days 00:00:16.995000
COL,47.0,0 days 00:01:14.181000,17.0,0 days 02:00:13.686000,0 days 00:00:18.882000,0 days 00:00:38.360000,0 days 00:00:16.939000
COL,48.0,0 days 00:01:14.034000,16.0,0 days 02:01:27.720000,0 days 00:00:19.024000,0 days 00:00:38.068000,0 days 00:00:16.942000
COL,49.0,0 days 00:01:13.795000,16.0,0 days 02:02:41.515000,0 days 00:00:18.851000,0 days 00:00:37.923000,0 days 00:00:17.021000
COL,50.0,0 days 00:01:13.794000,16.0,0 days 02:03:55.309000,0 days 00:00:19,0 days 00:00:37.775000,0 days 00:00:17.019000
COL,51.0,0 days 00:01:14.037000,16.0,0 days 02:05:09.346000,0 days 00:00:18.900000,0 days 00:00:38.081000,0 days 00:00:17.056000
COL,52.0,0 days 00:01:14.134000,16.0,0 days 02:06:23.480000,0 days 00:00:19.022000,0 days 00:00:38.094000,0 days 00:00:17.018000
COL,53.0,0 days 00:01:14.124000,16.0,0 days 02:07:37.604000,0 days 00:00:19.004000,0 days 00:00:38.084000,0 days 00:00:17.036000
COL,54.0,0 days 00:01:14.044000,16.0,0 days 02:08:51.648000,0 days 00:00:18.990000,0 days 00:00:38.011000,0 days 00:00:17.043000
COL,55.0,0 days 00:01:14.112000,15.0,0 days 02:10:05.760000,0 days 00:00:18.943000,0 days 00:00:38.086000,0 days 00:00:17.083000
COL,56.0,0 days 00:01:14.020000,14.0,0 days 02:11:19.780000,0 days 00:00:18.943000,0 days 00:00:38.041000,0 days 00:00:17.036000
COL,57.0,0 days 00:01:14.127000,14.0,0 days 02:12:33.907000,0 days 00:00:18.970000,0 days 00:00:38.056000,0 days 00:00:17.101000
COL,58.0,0 days 00:01:13.967000,14.0,0 days 02:13:47.874000,0 days 00:00:18.971000,0 days 00:00:37.916000,0 days 00:00:17.080000
COL,59.0,0 days 00:01:14.908000,15.0,0 days 02:15:02.782000,0 days 00:00:19.069000,0 days 00:00:38.719000,0 days 00:00:17.120000
COL,60.0,0 days 00:01:14.497000,15.0,0 days 02:16:17.279000,0 days 00:00:19.024000,0 days 00:00:38.456000,0 days 00:00:17.017000
COL,61.0,0 days 00:01:14.300000,15.0,0 days 02:17:31.579000,0 days 00:00:18.997000,0 days 00:00:38.309000,0 days 00:00:16.994000
COL,62.0,0 days 00:01:14.033000,15.0,0 days 02:18:45.612000,0 days 00:00:19.073000,0 days 00:00:37.956000,0 days 00:00:17.004000
COL,63.0,0 days 00:01:13.953000,15.0,0 days 02:19:59.565000,0 days 00:00:19.004000,0 days 00:00:37.887000,0 days 00:00:17.062000
COL,64.0,0 days 00:01:13.972000,15.0,0 days 02:21:13.537000,0 days 00:00:18.897000,0 days 00:00:38.087000,0 days 00:00:16.988000
COL,65.0,0 days 00:01:14.187000,15.0,0 days 02:22:27.724000,0 days 00:00:18.959000,0 days 00:00:38.168000,0 days 00:00:17.060000
COL,66.0,0 days 00:01:14.003000,15.0,0 days 02:23:41.727000,0 days 00:00:18.946000,0 days 00:00:38.144000,0 days 00:00:16.913000
COL,67.0,0 days 00:01:14.285000,15.0,0 days 02:24:56.012000,0 days 00:00:18.858000,0 days 00:00:38.482000,0 days 00:00:16.945000
COL,68.0,0 days 00:01:14.110000,15.0,0 days 02:26:10.122000,0 days 00:00:18.877000,0 days 00:00:38.277000,0 days 00:00:16.956000
COL,69.0,0 days 00:01:14.287000,15.0,0 days 02:27:24.409000,0 days 00:00:18.823000,0 days 00:00:38.372000,0 days 00:00:17.092000
COL,70.0,0 days 00:01:14.779000,15.0,0 days 02:28:39.188000,0 days 00:00:19.189000,0 days 00:00:38.583000,0 days 00:00:17.007000
COL,71.0,0 days 00:01:14.857000,15.0,0 days 02:29:54.045000,0 days 00:00:19.067000,0 days 00:00:38.626000,0 days 00:00:17.164000
HAM,1.0,0 days 00:01:26.869000,17.0,0 days 00:58:21.541000,,0 days 00:00:41.634000,0 days 00:00:17.521000
HAM,2.0,0 days 00:02:05.836000,19.0,0 days 01:00:27.377000,0 days 00:00:27.500000,0 days 00:01:12.053000,0 days 00:00:26.283000
HAM,3.0,0 days 00:02:00.497000,19.0,0 days 01:02:27.874000,0 days 00:00:56.023000,0 days 00:00:47.240000,0 days 00:00:17.234000
HAM,4.0,0 days 00:01:33.973000,19.0,0 days 01:04:01.847000,0 days 00:00:19.670000,0 days 00:00:52.585000,0 days 00:00:21.718000
HAM,5.0,0 days 00:01:44.611000,19.0,0 days 01:05:46.458000,0 days 00:00:30.660000,0 days 00:00:47.953000,0 days 00:00:25.998000
HAM,6.0,0 days 00:01:19.573000,17.0,0 days 01:07:06.031000,0 days 00:00:21.146000,0 days 00:00:41.409000,0 days 00:00:17.018000
HAM,7.0,0 days 00:01:45.180000,16.0,0 days 01:08:51.211000,0 days 00:00:37.837000,0 days 00:00:42.939000,0 days 00:00:24.404000
HAM,8.0,0 days 00:01:37.867000,15.0,0 days 01:10:29.078000,0 days 00:00:27.133000,0 days 00:00:52.565000,0 days 00:00:18.169000
HAM,9.0,0 days 00:01:14.982000,15.0,0 days 01:11:44.060000,0 days 00:00:19.153000,0 days 00:00:39.042000,0 days 00:00:16.787000
HAM,10.0,0 days 00:01:15.019000,15.0,0 days 01:12:59.079000,0 days 00:00:19.170000,0 days 00:00:39.184000,0 days 00:00:16.665000
HAM,11.0,0 days 00:01:16.074000,15.0,0 days 01:14:15.153000,0 days 00:00:19.322000,0 days 00:00:39.702000,0 days 00:00:17.050000
HAM,12.0,0 days 00:01:15.606000,15.0,0 days 01:15:30.759000,0 days 00:00:19.142000,0 days 00:00:39.269000,0 days 00:00:17.195000
HAM,13.0,0 days 00:01:16.568000,16.0,0 days 01:16:47.327000,0 days 00:00:19.396000,0 days 00:00:39.972000,0 days 00:00:17.200000
HAM,14.0,0 days 00:01:20.101000,17.0,0 days 01:18:07.428000,0 days 00:00:19.429000,0 days 00:00:39.425000,0 days 00:00:21.247000
HAM,15.0,0 days 00:01:32.848000,18.0,0 days 01:19:40.276000,0 days 00:00:37.599000,0 days 00:00:38.347000,0 days 00:00:16.902000
HAM,16.0,0 days 00:01:14.273000,18.0,0 days 01:20:54.549000,0 days 00:00:19.081000,0 days 00:00:38.096000,0 days 00:00:17.096000
HAM,17.0,0 days 00:01:14.473000,18.0,0 days 01:22:09.022000,0 days 00:00:19.087000,0 days 00:00:38.366000,0 days 00:00:17.020000
HAM,18.0,0 days 00:01:14.747000,17.0,0 days 01:23:23.769000,0 days 00:00:19.057000,0 days 00:00:38.634000,0 days 00:00:17.056000
HAM,19.0,0 days 00:01:15.240000,17.0,0 days 01:24:39.009000,0 days 00:00:19.140000,0 days 00:00:39.109000,0 days 00:00:16.991000
HAM,20.0,0 days 00:01:16.095000,18.0,0 days 01:25:55.104000,0 days 00:00:19.505000,0 days 00:00:39.352000,0 days 00:00:17.238000
HAM,21.0,0 days 00:01:15.452000,18.0,0 days 01:27:10.556000,0 days 00:00:19.285000,0 days 00:00:38.944000,0 days 00:00:17.223000
HAM,22.0,0 days 00:01:15.409000,18.0,0 days 01:28:25.965000,0 days 00:00:19.190000,0 days 00:00:39.123000,0 days 00:00:17.096000
HAM,23.0,0 days 00:01:16.476000,18.0,0 days 01:29:42.441000,0 days 00:00:19.254000,0 days 00:00:39.985000,0 days 00:00:17.237000
HAM,24.0,0 days 00:01:15.721000,18.0,0 days 01:30:58.162000,0 days 00:00:19.263000,0 days 00:00:39.137000,0 days 00:00:17.321000
HAM,25.0,0 days 00:01:16.093000,17.0,0 days 01:32:14.255000,0 days 00:00:19.247000,0 days 00:00:39.363000,0 days 00:00:17.483000
HAM,26.0,0 days 00:01:15.650000,17.0,0 days 01:33:29.905000,0 days 00:00:19.243000,0 days 00:00:38.899000,0 days 00:00:17.508000
HAM,27.0,0 days 00:01:15.978000,17.0,0 days 01:34:45.883000,0 days 00:00:19.210000,0 days 00:00:39.522000,0 days 00:00:17.246000
HAM,28.0,0 days 00:01:15.612000,17.0,0 days 01:36:01.495000,0 days 00:00:19.269000,0 days 00:00:39.101000,0 days 00:00:17.242000
HAM,29.0,0 days 00:01:15.580000,16.0,0 days 01:37:17.075000,0 days 00:00:19.235000,0 days 00:00:38.981000,0 days 00:00:17.364000
HAM,30.0,0 days 00:01:15.685000,14.0,0 days 01:38:32.760000,0 days 00:00:19.190000,0 days 00:00:39.206000,0 days 00:00:17.289000
HAM,31.0,0 days 00:01:15.546000,14.0,0 days 01:39:48.306000,0 days 00:00:19.184000,0 days 00:00:39.175000,0 days 00:00:17.187000
HAM,32.0,0 days 00:01:20.294000,15.0,0 days 01:41:08.600000,0 days 00:00:19.150000,0 days 00:00:39.532000,0 days 00:00:21.612000
HAM,33.0,0 days 00:01:41.262000,18.0,0 days 01:42:49.862000,0 days 00:00:44.998000,0 days 00:00:39.352000,0 days 00:00:16.912000
HAM,34.0,0 days 00:01:14.832000,18.0,0 days 01:44:04.694000,0 days 00:00:19.504000,0 days 00:00:38.583000,0 days 00:00:16.745000
HAM,35.0,0 days 00:01:13.844000,18.0,0 days 01:45:18.538000,0 days 00:00:18.896000,0 days 00:00:37.945000,0 days 00:00:17.003000
HAM,36.0,0 days 00:01:14.279000,18.0,0 days 01:46:32.817000,0 days 00:00:19.055000,0 days 00:00:38.230000,0 days 00:00:16.994000
HAM,37.0,0 days 00:01:24.144000,18.0,0 days 01:47:56.961000,0 days 00:00:19.106000,0 days 00:00:40.261000,0 days 00:00:24.777000
BOR,1.0,,,0 days 00:58:12.739000,,,
SAI,1.0,0 days 00:01:24.958000,13.0,0 days 00:58:19.630000,,0 days 00:00:41.380000,0 days 00:00:17.082000
SAI,2.0,0 days 00:01:52.471000,12.0,0 days 01:00:12.101000,0 days 00:00:20.002000,0 days 00:01:11.608000,0 days 00:00:20.861000
SAI,3.0,0 days 00:01:52.755000,12.0,0 days 01:02:04.856000,0 days 00:00:26.471000,0 days 00:01:00.215000,0 days 00:00:26.069000
SAI,4.0,0 days 00:01:47.743000,12.0,0 days 01:03:52.599000,0 days 00:00:27.324000,0 days 00:00:58.183000,0 days 00:00:22.236000
SAI,5.0,0 days 00:01:52.415000,12.0,0 days 01:05:45.014000,0 days 00:00:29.805000,0 days 00:00:53.497000,0 days 00:00:29.113000
SAI,6.0,0 days 00:01:18.464000,11.0,0 days 01:07:03.478000,0 days 00:00:20.717000,0 days 00:00:40.498000,0 days 00:00:17.249000
SAI,7.0,0 days 00:01:44.397000,11.0,0 days 01:08:47.875000,0 days 00:00:33.512000,0 days 00:00:45.916000,0 days 00:00:24.969000
SAI,8.0,0 days 00:01:38.479000,11.0,0 days 01:10:26.354000,0 days 00:00:27.444000,0 days 00:00:52.123000,0 days 00:00:18.912000
SAI,9.0,0 days 00:01:14.985000,10.0,0 days 01:11:41.339000,0 days 00:00:19.082000,0 days 00:00:39.005000,0 days 00:00:16.898000
SAI,10.0,0 days 00:01:14.897000,10.0,0 days 01:12:56.236000,0 days 00:00:19.018000,0 days 00:00:38.969000,0 days 00:00:16.910000
SAI,11.0,0 days 00:01:14.938000,10.0,0 days 01:14:11.174000,0 days 00:00:19.016000,0 days 00:00:38.936000,0 days 00:00:16.986000
SAI,12.0,0 days 00:01:15.340000,10.0,0 days 01:15:26.514000,0 days 00:00:19.050000,0 days 00:00:39.243000,0 days 00:00:17.047000
SAI,13.0,0 days 00:01:16.070000,10.0,0 days 01:16:42.584000,0 days 00:00:19.080000,0 days 00:00:39.830000,0 days 00:00:17.160000
SAI,14.0,0 days 00:01:16.225000,10.0,0 days 01:17:58.809000,0 days 00:00:19.348000,0 days 00:00:39.722000,0 days 00:00:17.155000
SAI,15.0,0 days 00:01:16.055000,10.0,0 days 01:19:14.864000,0 days 00:00:19.072000,0 days 00:00:39.740000,0 days 00:00:17.243000
SAI,16.0,0 days 00:01:16.123000,10.0,0 days 01:20:30.987000,0 days 00:00:19.207000,0 days 00:00:39.670000,0 days 00:00:17.246000
SAI,17.0,0 days 00:01:20.066000,14.0,0 days 01:21:51.053000,0 days 00:00:19.388000,0 days 00:00:39.749000,0 days 00:00:20.929000
SAI,18.0,0 days 00:01:34.423000,18.0,0 days 01:23:25.476000,0 days 00:00:39.710000,0 days 00:00:37.838000,0 days 00:00:16.875000
SAI,19.0,0 days 00:01:13.683000,18.0,0 days 01:24:39.159000,0 days 00:00:18.856000,0 days 00:00:38.139000,0 days 00:00:16.688000
SAI,20.0,0 days 00:01:14.472000,17.0,0 days 01:25:53.631000,0 days 00:00:18.917000,0 days 00:00:38.794000,0 days 00:00:16.761000
SAI,21.0,0 days 00:01:14.459000,17.0,0 days 01:27:08.090000,0 days 00:00:18.873000,0 days 00:00:38.534000,0 days 00:00:17.052000
SAI,22.0,0 days 00:01:14.590000,17.0,0 days 01:28:22.680000,0 days 00:00:18.933000,0 days 00:00:38.927000,0 days 00:00:16.730000
SAI,23.0,0 days 00:01:14.795000,16.0,0 days 01:29:37.475000,0 days 00:00:18.821000,0 days 00:00:38.889000,0 days 00:00:17.085000
SAI,24.0,0 days 00:01:15.033000,16.0,0 days 01:30:52.508000,0 days 00:00:19.132000,0 days 00:00:38.808000,0 days 00:00:17.093000
SAI,25.0,0 days 00:01:14.902000,15.0,0 days 01:32:07.410000,0 days 00:00:18.965000,0 days 00:00:38.776000,0 days 00:00:17.161000
SAI,26.0,0 days 00:01:15.153000,15.0,0 days 01:33:22.563000,0 days 00:00:19.056000,0 days 00:00:38.846000,0 days 00:00:17.251000
SAI,27.0,0 days 00:01:15.160000,15.0,0 days 01:34:37.723000,0 days 00:00:19.205000,0 days 00:00:38.789000,0 days 00:00:17.166000
SAI,28.0,0 days 00:01:15.416000,15.0,0 days 01:35:53.139000,0 days 00:00:19.073000,0 days 00:00:39.126000,0 days 00:00:17.217000
SAI,29.0,0 days 00:01:15.179000,13.0,0 days 01:37:08.318000,0 days 00:00:19.052000,0 days 00:00:38.925000,0 days 00:00:17.202000
SAI,30.0,0 days 00:01:15.281000,12.0,0 days 01:38:23.599000,0 days 00:00:19.064000,0 days 00:00:39.032000,0 days 00:00:17.185000
SAI,31.0,0 days 00:01:15.114000,12.0,0 days 01:39:38.713000,0 days 00:00:19.024000,0 days 00:00:38.955000,0 days 00:00:17.135000
SAI,32.0,0 days 00:01:15.423000,12.0,0 days 01:40:54.136000,0 days 00:00:19.034000,0 days 00:00:39.168000,0 days 00:00:17.221000
SAI,33.0,0 days 00:01:15.272000,12.0,0 days 01:42:09.408000,0 days 00:00:19.072000,0 days 00:00:39.007000,0 days 00:00:17.193000
SAI,34.0,0 days 00:01:15.370000,12.0,0 days 01:43:24.778000,0 days 00:00:19.063000,0 days 00:00:39.126000,0 days 00:00:17.181000
SAI,35.0,0 days 00:01:15.461000,12.0,0 days 01:44:40.239000,0 days 00:00:19.191000,0 days 00:00:39.104000,0 days 00:00:17.166000
SAI,36.0,0 days 00:01:15.608000,11.0,0 days 01:45:55.847000,0 days 00:00:19.329000,0 days 00:00:39.122000,0 days 00:00:17.157000
SAI,37.0,0 days 00:01:15.265000,10.0,0 days 01:47:11.112000,0 days 00:00:19.113000,0 days 00:00:39.021000,0 days 00:00:17.131000
SAI,38.0,0 days 00:01:18.817000,10.0,0 days 01:48:29.929000,0 days 00:00:19.056000,0 days 00:00:39.010000,0 days 00:00:20.751000
SAI,39.0,0 days 00:01:30.500000,17.0,0 days 01:50:00.429000,0 days 00:00:36.654000,0 days 00:00:37.230000,0 days 00:00:16.616000
SAI,40.0,0 days 00:01:13.852000,17.0,0 days 01:51:14.281000,0 days 00:00:18.652000,0 days 00:00:38.579000,0 days 00:00:16.621000
SAI,41.0,0 days 00:01:14.541000,17.0,0 days 01:52:28.822000,0 days 00:00:18.627000,0 days 00:00:39.146000,0 days 00:00:16.768000
SAI,42.0,0 days 00:01:14.203000,16.0,0 days 01:53:43.025000,0 days 00:00:19.098000,0 days 00:00:38.377000,0 days 00:00:16.728000
SAI,43.0,0 days 00:01:13.981000,15.0,0 days 01:54:57.006000,0 days 00:00:18.744000,0 days 00:00:38.519000,0 days 00:00:16.718000
SAI,44.0,0 days 00:01:14.231000,15.0,0 days 01:56:11.237000,0 days 00:00:18.882000,0 days 00:00:38.581000,0 days 00:00:16.768000
SAI,45.0,0 days 00:01:14.238000,15.0,0 days 01:57:25.475000,0 days 00:00:18.773000,0 days 00:00:38.657000,0 days 00:00:16.808000
SAI,46.0,0 days 00:01:14.007000,14.0,0 days 01:58:39.482000,0 days 00:00:18.870000,0 days 00:00:38.413000,0 days 00:00:16.724000
SAI,47.0,0 days 00:01:14.316000,14.0,0 days 01:59:53.798000,0 days 00:00:18.719000,0 days 00:00:38.708000,0 days 00:00:16.889000
SAI,48.0,0 days 00:01:14.656000,13.0,0 days 02:01:08.454000,0 days 00:00:19.015000,0 days 00:00:38.862000,0 days 00:00:16.779000
SAI,49.0,0 days 00:01:14.926000,13.0,0 days 02:02:23.380000,0 days 00:00:18.788000,0 days 00:00:39.355000,0 days 00:00:16.783000
SAI,50.0,0 days 00:01:15.026000,13.0,0 days 02:03:38.406000,0 days 00:00:19.017000,0 days 00:00:39.080000,0 days 00:00:16.929000
SAI,51.0,0 days 00:01:14.675000,13.0,0 days 02:04:53.081000,0 days 00:00:18.853000,0 days 00:00:38.997000,0 days 00:00:16.825000
SAI,52.0,0 days 00:01:15.430000,13.0,0 days 02:06:08.511000,0 days 00:00:18.812000,0 days 00:00:39.638000,0 days 00:00:16.980000
SAI,53.0,0 days 00:01:15.318000,13.0,0 days 02:07:23.829000,0 days 00:00:19.122000,0 days 00:00:39.231000,0 days 00:00:16.965000
SAI,54.0,0 days 00:01:15.529000,12.0,0 days 02:08:39.358000,0 days 00:00:18.940000,0 days 00:00:39.597000,0 days 00:00:16.992000
SAI,55.0,0 days 00:01:14.573000,12.0,0 days 02:09:53.931000,0 days 00:00:18.824000,0 days 00:00:38.643000,0 days 00:00:17.106000
SAI,56.0,0 days 00:01:14.332000,11.0,0 days 02:11:08.263000,0 days 00:00:18.865000,0 days 00:00:38.474000,0 days 00:00:16.993000
SAI,57.0,0 days 00:01:14.504000,11.0,0 days 02:12:22.767000,0 days 00:00:18.983000,0 days 00:00:38.411000,0 days 00:00:17.110000
SAI,58.0,0 days 00:01:14.570000,11.0,0 days 02:13:37.337000,0 days 00:00:18.935000,0 days 00:00:38.603000,0 days 00:00:17.032000
SAI,59.0,0 days 00:01:14.489000,11.0,0 days 02:14:51.826000,0 days 00:00:18.971000,0 days 00:00:38.375000,0 days 00:00:17.143000
SAI,60.0,0 days 00:01:14.491000,11.0,0 days 02:16:06.317000,0 days 00:00:18.924000,0 days 00:00:38.534000,0 days 00:00:17.033000
SAI,61.0,0 days 00:01:14.419000,11.0,0 days 02:17:20.736000,0 days 00:00:18.869000,0 days 00:00:38.529000,0 days 00:00:17.021000
SAI,62.0,0 days 00:01:14.308000,11.0,0 days 02:18:35.044000,0 days 00:00:18.916000,0 days 00:00:38.415000,0 days 00:00:16.977000
SAI,63.0,0 days 00:01:14.679000,11.0,0 days 02:19:49.723000,0 days 00:00:19.033000,0 days 00:00:38.522000,0 days 00:00:17.124000
SAI,64.0,0 days 00:01:14.416000,11.0,0 days 02:21:04.139000,0 days 00:00:18.856000,0 days 00:00:38.520000,0 days 00:00:17.040000
SAI,65.0,0 days 00:01:14.711000,11.0,0 days 02:22:18.850000,0 days 00:00:18.926000,0 days 00:00:38.751000,0 days 00:00:17.034000
SAI,66.0,0 days 00:01:14.808000,11.0,0 days 02:23:33.658000,0 days 00:00:18.939000,0 days 00:00:38.722000,0 days 00:00:17.147000
SAI,67.0,0 days 00:01:16.888000,13.0,0 days 02:24:50.546000,0 days 00:00:19.585000,0 days 00:00:40.280000,0 days 00:00:17.023000
SAI,68.0,0 days 00:01:15.118000,13.0,0 days 02:26:05.664000,0 days 00:00:19.075000,0 days 00:00:38.958000,0 days 00:00:17.085000
SAI,69.0,0 days 00:01:15.287000,13.0,0 days 02:27:20.951000,0 days 00:00:19.305000,0 days 00:00:38.922000,0 days 00:00:17.060000
SAI,70.0,0 days 00:01:15.045000,13.0,0 days 02:28:35.996000,0 days 00:00:19.126000,0 days 00:00:38.855000,0 days 00:00:17.064000
SAI,71.0,0 days 00:01:15.692000,13.0,0 days 02:29:51.688000,0 days 00:00:19.024000,0 days 00:00:39.818000,0 days 00:00:16.850000
HAD,1.0,0 days 00:01:21.320000,5.0,0 days 00:58:15.992000,,0 days 00:00:39.231000,0 days 00:00:17.104000
HAD,2.0,0 days 00:01:46.339000,5.0,0 days 01:00:02.331000,0 days 00:00:19.561000,0 days 00:01:06.546000,0 days 00:00:20.232000
HAD,3.0,0 days 00:01:53.008000,5.0,0 days 01:01:55.339000,0 days 00:00:24.527000,0 days 00:01:04.597000,0 days 00:00:23.884000
HAD,4.0,0 days 00:01:49.148000,5.0,0 days 01:03:44.487000,0 days 00:00:27.054000,0 days 00:00:59.250000,0 days 00:00:22.844000
HAD,5.0,0 days 00:01:58.853000,5.0,0 days 01:05:43.340000,0 days 00:00:29.383000,0 days 00:00:57.276000,0 days 00:00:32.194000
HAD,6.0,0 days 00:01:17.055000,4.0,0 days 01:07:00.395000,0 days 00:00:20.603000,0 days 00:00:39.386000,0 days 00:00:17.066000
HAD,7.0,0 days 00:01:41.086000,4.0,0 days 01:08:41.481000,0 days 00:00:25.519000,0 days 00:00:50.769000,0 days 00:00:24.798000
HAD,8.0,0 days 00:01:41.363000,4.0,0 days 01:10:22.844000,0 days 00:00:27.154000,0 days 00:00:51.830000,0 days 00:00:22.379000
HAD,9.0,0 days 00:01:14.725000,4.0,0 days 01:11:37.569000,0 days 00:00:19.304000,0 days 00:00:38.448000,0 days 00:00:16.973000
HAD,10.0,0 days 00:01:14.574000,4.0,0 days 01:12:52.143000,0 days 00:00:19.330000,0 days 00:00:38.254000,0 days 00:00:16.990000
HAD,11.0,0 days 00:01:14.553000,4.0,0 days 01:14:06.696000,0 days 00:00:19.061000,0 days 00:00:38.420000,0 days 00:00:17.072000
HAD,12.0,0 days 00:01:16.284000,5.0,0 days 01:15:22.980000,0 days 00:00:19.501000,0 days 00:00:39.622000,0 days 00:00:17.161000
HAD,13.0,0 days 00:01:15.770000,5.0,0 days 01:16:38.750000,0 days 00:00:19.403000,0 days 00:00:39.090000,0 days 00:00:17.277000
HAD,14.0,0 days 00:01:15.546000,5.0,0 days 01:17:54.296000,0 days 00:00:19.340000,0 days 00:00:38.944000,0 days 00:00:17.262000
HAD,15.0,0 days 00:01:15.867000,5.0,0 days 01:19:10.163000,0 days 00:00:19.335000,0 days 00:00:39.195000,0 days 00:00:17.337000
HAD,16.0,0 days 00:01:15.880000,5.0,0 days 01:20:26.043000,0 days 00:00:19.447000,0 days 00:00:39.132000,0 days 00:00:17.301000
HAD,17.0,0 days 00:01:16.310000,5.0,0 days 01:21:42.353000,0 days 00:00:19.487000,0 days 00:00:39.381000,0 days 00:00:17.442000
HAD,18.0,0 days 00:01:19.726000,7.0,0 days 01:23:02.079000,0 days 00:00:19.452000,0 days 00:00:38.951000,0 days 00:00:21.323000
HAD,19.0,0 days 00:01:34.522000,15.0,0 days 01:24:36.601000,0 days 00:00:38.601000,0 days 00:00:38.592000,0 days 00:00:17.329000
HAD,20.0,0 days 00:01:14.254000,14.0,0 days 01:25:50.855000,0 days 00:00:19.113000,0 days 00:00:38.321000,0 days 00:00:16.820000
HAD,21.0,0 days 00:01:14.766000,14.0,0 days 01:27:05.621000,0 days 00:00:19.063000,0 days 00:00:38.799000,0 days 00:00:16.904000
HAD,22.0,0 days 00:01:14.401000,13.0,0 days 01:28:20.022000,0 days 00:00:18.977000,0 days 00:00:38.350000,0 days 00:00:17.074000
HAD,23.0,0 days 00:01:14.540000,13.0,0 days 01:29:34.562000,0 days 00:00:19.162000,0 days 00:00:38.268000,0 days 00:00:17.110000
HAD,24.0,0 days 00:01:14.742000,13.0,0 days 01:30:49.304000,0 days 00:00:19.113000,0 days 00:00:38.500000,0 days 00:00:17.129000
HAD,25.0,0 days 00:01:14.773000,12.0,0 days 01:32:04.077000,0 days 00:00:19.090000,0 days 00:00:38.449000,0 days 00:00:17.234000
HAD,26.0,0 days 00:01:15.110000,12.0,0 days 01:33:19.187000,0 days 00:00:19.130000,0 days 00:00:38.743000,0 days 00:00:17.237000
HAD,27.0,0 days 00:01:15.776000,12.0,0 days 01:34:34.963000,0 days 00:00:19.477000,0 days 00:00:39.101000,0 days 00:00:17.198000
HAD,28.0,0 days 00:01:15.399000,12.0,0 days 01:35:50.362000,0 days 00:00:19.155000,0 days 00:00:38.971000,0 days 00:00:17.273000
HAD,29.0,0 days 00:01:15.188000,9.0,0 days 01:37:05.550000,0 days 00:00:19.015000,0 days 00:00:38.905000,0 days 00:00:17.268000
HAD,30.0,0 days 00:01:15.093000,9.0,0 days 01:38:20.643000,0 days 00:00:19.186000,0 days 00:00:38.706000,0 days 00:00:17.201000
HAD,31.0,0 days 00:01:14.998000,9.0,0 days 01:39:35.641000,0 days 00:00:19.123000,0 days 00:00:38.654000,0 days 00:00:17.221000
HAD,32.0,0 days 00:01:15.148000,9.0,0 days 01:40:50.789000,0 days 00:00:19.162000,0 days 00:00:38.713000,0 days 00:00:17.273000
HAD,33.0,0 days 00:01:14.852000,9.0,0 days 01:42:05.641000,0 days 00:00:19.090000,0 days 00:00:38.572000,0 days 00:00:17.190000
HAD,34.0,0 days 00:01:15.583000,9.0,0 days 01:43:21.224000,0 days 00:00:19.464000,0 days 00:00:38.926000,0 days 00:00:17.193000
HAD,35.0,0 days 00:01:15.685000,7.0,0 days 01:44:36.909000,0 days 00:00:19.468000,0 days 00:00:38.995000,0 days 00:00:17.222000
HAD,36.0,0 days 00:01:14.905000,7.0,0 days 01:45:51.814000,0 days 00:00:19.171000,0 days 00:00:38.537000,0 days 00:00:17.197000
HAD,37.0,0 days 00:01:18.786000,9.0,0 days 01:47:10.600000,0 days 00:00:19.186000,0 days 00:00:38.601000,0 days 00:00:20.999000
HAD,38.0,0 days 00:01:32.058000,17.0,0 days 01:48:42.658000,0 days 00:00:37.324000,0 days 00:00:37.981000,0 days 00:00:16.753000
HAD,39.0,0 days 00:01:15.015000,15.0,0 days 01:49:57.673000,0 days 00:00:18.881000,0 days 00:00:39.276000,0 days 00:00:16.858000
HAD,40.0,0 days 00:01:13.694000,14.0,0 days 01:51:11.367000,0 days 00:00:18.785000,0 days 00:00:38.052000,0 days 00:00:16.857000
HAD,41.0,0 days 00:01:14.040000,14.0,0 days 01:52:25.407000,0 days 00:00:19.009000,0 days 00:00:38.116000,0 days 00:00:16.915000
HAD,42.0,0 days 00:01:13.983000,14.0,0 days 01:53:39.390000,0 days 00:00:18.953000,0 days 00:00:38.250000,0 days 00:00:16.780000
HAD,43.0,0 days 00:01:15.468000,13.0,0 days 01:54:54.858000,0 days 00:00:19.138000,0 days 00:00:39.418000,0 days 00:00:16.912000
HAD,44.0,0 days 00:01:14.341000,13.0,0 days 01:56:09.199000,0 days 00:00:18.983000,0 days 00:00:38.447000,0 days 00:00:16.911000
HAD,45.0,0 days 00:01:14.280000,13.0,0 days 01:57:23.479000,0 days 00:00:18.962000,0 days 00:00:38.484000,0 days 00:00:16.834000
HAD,46.0,0 days 00:01:14.457000,12.0,0 days 01:58:37.936000,0 days 00:00:18.768000,0 days 00:00:38.768000,0 days 00:00:16.921000
HAD,47.0,0 days 00:01:14.653000,12.0,0 days 01:59:52.589000,0 days 00:00:19.019000,0 days 00:00:38.811000,0 days 00:00:16.823000
HAD,48.0,0 days 00:01:14.753000,11.0,0 days 02:01:07.342000,0 days 00:00:19.188000,0 days 00:00:38.752000,0 days 00:00:16.813000
HAD,49.0,0 days 00:01:15.037000,11.0,0 days 02:02:22.379000,0 days 00:00:19.331000,0 days 00:00:38.815000,0 days 00:00:16.891000
HAD,50.0,0 days 00:01:14.663000,11.0,0 days 02:03:37.042000,0 days 00:00:19.035000,0 days 00:00:38.833000,0 days 00:00:16.795000
HAD,51.0,0 days 00:01:14.755000,11.0,0 days 02:04:51.797000,0 days 00:00:19.051000,0 days 00:00:38.827000,0 days 00:00:16.877000
HAD,52.0,0 days 00:01:15.149000,10.0,0 days 02:06:06.946000,0 days 00:00:18.935000,0 days 00:00:39.170000,0 days 00:00:17.044000
HAD,53.0,0 days 00:01:14.655000,10.0,0 days 02:07:21.601000,0 days 00:00:19.125000,0 days 00:00:38.425000,0 days 00:00:17.105000
HAD,54.0,0 days 00:01:14.687000,10.0,0 days 02:08:36.288000,0 days 00:00:19.044000,0 days 00:00:38.498000,0 days 00:00:17.145000
HAD,55.0,0 days 00:01:14.595000,9.0,0 days 02:09:50.883000,0 days 00:00:19.030000,0 days 00:00:38.469000,0 days 00:00:17.096000
HAD,56.0,0 days 00:01:14.220000,9.0,0 days 02:11:05.103000,0 days 00:00:18.999000,0 days 00:00:38.169000,0 days 00:00:17.052000
HAD,57.0,0 days 00:01:14.328000,9.0,0 days 02:12:19.431000,0 days 00:00:19.028000,0 days 00:00:38.210000,0 days 00:00:17.090000
HAD,58.0,0 days 00:01:14.514000,9.0,0 days 02:13:33.945000,0 days 00:00:19.044000,0 days 00:00:38.342000,0 days 00:00:17.128000
HAD,59.0,0 days 00:01:14.576000,9.0,0 days 02:14:48.521000,0 days 00:00:19.127000,0 days 00:00:38.304000,0 days 00:00:17.145000
HAD,60.0,0 days 00:01:14.715000,9.0,0 days 02:16:03.236000,0 days 00:00:19.091000,0 days 00:00:38.488000,0 days 00:00:17.136000
HAD,61.0,0 days 00:01:14.406000,9.0,0 days 02:17:17.642000,0 days 00:00:18.958000,0 days 00:00:38.320000,0 days 00:00:17.128000
HAD,62.0,0 days 00:01:14.316000,9.0,0 days 02:18:31.958000,0 days 00:00:19.032000,0 days 00:00:38.235000,0 days 00:00:17.049000
HAD,63.0,0 days 00:01:14.411000,9.0,0 days 02:19:46.369000,0 days 00:00:19.015000,0 days 00:00:38.233000,0 days 00:00:17.163000
HAD,64.0,0 days 00:01:14.298000,9.0,0 days 02:21:00.667000,0 days 00:00:18.891000,0 days 00:00:38.287000,0 days 00:00:17.120000
HAD,65.0,0 days 00:01:14.498000,9.0,0 days 02:22:15.165000,0 days 00:00:19.017000,0 days 00:00:38.377000,0 days 00:00:17.104000
HAD,66.0,0 days 00:01:15.223000,9.0,0 days 02:23:30.388000,0 days 00:00:19.096000,0 days 00:00:38.962000,0 days 00:00:17.165000
HAD,67.0,0 days 00:01:15.575000,9.0,0 days 02:24:45.963000,0 days 00:00:19.383000,0 days 00:00:39.180000,0 days 00:00:17.012000
HAD,68.0,0 days 00:01:15.278000,9.0,0 days 02:26:01.241000,0 days 00:00:19.273000,0 days 00:00:39.062000,0 days 00:00:16.943000
HAD,69.0,0 days 00:01:15.364000,9.0,0 days 02:27:16.605000,0 days 00:00:19.313000,0 days 00:00:39.073000,0 days 00:00:16.978000
HAD,70.0,0 days 00:01:15.418000,8.0,0 days 02:28:32.023000,0 days 00:00:19.368000,0 days 00:00:39.105000,0 days 00:00:16.945000
HAD,71.0,0 days 00:01:17.118000,8.0,0 days 02:29:49.141000,0 days 00:00:20.156000,0 days 00:00:39.762000,0 days 00:00:17.200000
RUS,1.0,0 days 00:01:22.173000,7.0,0 days 00:58:16.845000,,0 days 00:00:39.578000,0 days 00:00:16.902000
RUS,2.0,0 days 00:01:49.497000,7.0,0 days 01:00:06.342000,0 days 00:00:19.697000,0 days 00:01:08.102000,0 days 00:00:21.698000
RUS,3.0,0 days 00:01:52.274000,7.0,0 days 01:01:58.616000,0 days 00:00:24.688000,0 days 00:01:02.825000,0 days 00:00:24.761000
RUS,4.0,0 days 00:01:49.183000,7.0,0 days 01:03:47.799000,0 days 00:00:26.868000,0 days 00:00:59.199000,0 days 00:00:23.116000
RUS,5.0,0 days 00:01:55.996000,7.0,0 days 01:05:43.795000,0 days 00:00:29.067000,0 days 00:00:55.784000,0 days 00:00:31.145000
RUS,6.0,0 days 00:01:17.565000,6.0,0 days 01:07:01.360000,0 days 00:00:20.560000,0 days 00:00:40.006000,0 days 00:00:16.999000
RUS,7.0,0 days 00:01:42.478000,6.0,0 days 01:08:43.838000,0 days 00:00:26.836000,0 days 00:00:50.754000,0 days 00:00:24.888000
RUS,8.0,0 days 00:01:40.199000,6.0,0 days 01:10:24.037000,0 days 00:00:27.126000,0 days 00:00:51.940000,0 days 00:00:21.133000
RUS,9.0,0 days 00:01:14.483000,5.0,0 days 01:11:38.520000,0 days 00:00:19.565000,0 days 00:00:38.019000,0 days 00:00:16.899000
RUS,10.0,0 days 00:01:14.119000,5.0,0 days 01:12:52.639000,0 days 00:00:19.008000,0 days 00:00:38.312000,0 days 00:00:16.799000
RUS,11.0,0 days 00:01:14.365000,5.0,0 days 01:14:07.004000,0 days 00:00:19.060000,0 days 00:00:38.446000,0 days 00:00:16.859000
RUS,12.0,0 days 00:01:14.832000,4.0,0 days 01:15:21.836000,0 days 00:00:19.130000,0 days 00:00:38.645000,0 days 00:00:17.057000
RUS,13.0,0 days 00:01:15.252000,4.0,0 days 01:16:37.088000,0 days 00:00:19.223000,0 days 00:00:38.928000,0 days 00:00:17.101000
RUS,14.0,0 days 00:01:15.022000,4.0,0 days 01:17:52.110000,0 days 00:00:19.153000,0 days 00:00:38.730000,0 days 00:00:17.139000
RUS,15.0,0 days 00:01:15.225000,4.0,0 days 01:19:07.335000,0 days 00:00:19.161000,0 days 00:00:38.884000,0 days 00:00:17.180000
RUS,16.0,0 days 00:01:15.337000,4.0,0 days 01:20:22.672000,0 days 00:00:19.243000,0 days 00:00:38.909000,0 days 00:00:17.185000
RUS,17.0,0 days 00:01:15.495000,4.0,0 days 01:21:38.167000,0 days 00:00:19.257000,0 days 00:00:39.013000,0 days 00:00:17.225000
RUS,18.0,0 days 00:01:15.149000,4.0,0 days 01:22:53.316000,0 days 00:00:19.284000,0 days 00:00:38.677000,0 days 00:00:17.188000
RUS,19.0,0 days 00:01:15.182000,4.0,0 days 01:24:08.498000,0 days 00:00:19.176000,0 days 00:00:38.799000,0 days 00:00:17.207000
RUS,20.0,0 days 00:01:15.216000,4.0,0 days 01:25:23.714000,0 days 00:00:19.134000,0 days 00:00:38.861000,0 days 00:00:17.221000
RUS,21.0,0 days 00:01:15.293000,3.0,0 days 01:26:39.007000,0 days 00:00:19.161000,0 days 00:00:38.992000,0 days 00:00:17.140000
RUS,22.0,0 days 00:01:15.435000,3.0,0 days 01:27:54.442000,0 days 00:00:19.234000,0 days 00:00:38.955000,0 days 00:00:17.246000
RUS,23.0,0 days 00:01:15.325000,3.0,0 days 01:29:09.767000,0 days 00:00:19.225000,0 days 00:00:38.951000,0 days 00:00:17.149000
RUS,24.0,0 days 00:01:15.319000,3.0,0 days 01:30:25.086000,0 days 00:00:19.137000,0 days 00:00:38.935000,0 days 00:00:17.247000
RUS,25.0,0 days 00:01:15.414000,3.0,0 days 01:31:40.500000,0 days 00:00:19.196000,0 days 00:00:38.909000,0 days 00:00:17.309000
RUS,26.0,0 days 00:01:15.476000,3.0,0 days 01:32:55.976000,0 days 00:00:19.306000,0 days 00:00:38.924000,0 days 00:00:17.246000
RUS,27.0,0 days 00:01:15.441000,3.0,0 days 01:34:11.417000,0 days 00:00:19.235000,0 days 00:00:38.899000,0 days 00:00:17.307000
RUS,28.0,0 days 00:01:15.422000,3.0,0 days 01:35:26.839000,0 days 00:00:19.147000,0 days 00:00:38.997000,0 days 00:00:17.278000
RUS,29.0,0 days 00:01:15.204000,3.0,0 days 01:36:42.043000,0 days 00:00:19.181000,0 days 00:00:38.839000,0 days 00:00:17.184000
RUS,30.0,0 days 00:01:15.140000,3.0,0 days 01:37:57.183000,0 days 00:00:19.111000,0 days 00:00:38.804000,0 days 00:00:17.225000
RUS,31.0,0 days 00:01:15.348000,2.0,0 days 01:39:12.531000,0 days 00:00:19.153000,0 days 00:00:38.951000,0 days 00:00:17.244000
RUS,32.0,0 days 00:01:15.376000,2.0,0 days 01:40:27.907000,0 days 00:00:19.123000,0 days 00:00:38.982000,0 days 00:00:17.271000
RUS,33.0,0 days 00:01:15.315000,2.0,0 days 01:41:43.222000,0 days 00:00:19.115000,0 days 00:00:38.976000,0 days 00:00:17.224000
RUS,34.0,0 days 00:01:19.220000,3.0,0 days 01:43:02.442000,0 days 00:00:19.103000,0 days 00:00:39.071000,0 days 00:00:21.046000
RUS,35.0,0 days 00:01:31.397000,6.0,0 days 01:44:33.839000,0 days 00:00:37.029000,0 days 00:00:37.638000,0 days 00:00:16.730000
RUS,36.0,0 days 00:01:13.218000,5.0,0 days 01:45:47.057000,0 days 00:00:18.686000,0 days 00:00:37.838000,0 days 00:00:16.694000
RUS,37.0,0 days 00:01:13.419000,4.0,0 days 01:47:00.476000,0 days 00:00:18.770000,0 days 00:00:37.785000,0 days 00:00:16.864000
RUS,38.0,0 days 00:01:13.560000,4.0,0 days 01:48:14.036000,0 days 00:00:18.836000,0 days 00:00:37.872000,0 days 00:00:16.852000
RUS,39.0,0 days 00:01:13.755000,3.0,0 days 01:49:27.791000,0 days 00:00:18.957000,0 days 00:00:37.882000,0 days 00:00:16.916000
RUS,40.0,0 days 00:01:13.603000,3.0,0 days 01:50:41.394000,0 days 00:00:18.786000,0 days 00:00:37.873000,0 days 00:00:16.944000
RUS,41.0,0 days 00:01:13.842000,3.0,0 days 01:51:55.236000,0 days 00:00:18.885000,0 days 00:00:37.972000,0 days 00:00:16.985000
RUS,42.0,0 days 00:01:13.838000,3.0,0 days 01:53:09.074000,0 days 00:00:18.879000,0 days 00:00:38.017000,0 days 00:00:16.942000
RUS,43.0,0 days 00:01:13.916000,3.0,0 days 01:54:22.990000,0 days 00:00:18.813000,0 days 00:00:38.096000,0 days 00:00:17.007000
RUS,44.0,0 days 00:01:14.208000,3.0,0 days 01:55:37.198000,0 days 00:00:18.953000,0 days 00:00:38.233000,0 days 00:00:17.022000
RUS,45.0,0 days 00:01:14.383000,3.0,0 days 01:56:51.581000,0 days 00:00:18.940000,0 days 00:00:38.408000,0 days 00:00:17.035000
RUS,46.0,0 days 00:01:14.396000,3.0,0 days 01:58:05.977000,0 days 00:00:18.981000,0 days 00:00:38.429000,0 days 00:00:16.986000
RUS,47.0,0 days 00:01:14.533000,2.0,0 days 01:59:20.510000,0 days 00:00:18.985000,0 days 00:00:38.494000,0 days 00:00:17.054000
RUS,48.0,0 days 00:01:17.843000,3.0,0 days 02:00:38.353000,0 days 00:00:19.051000,0 days 00:00:38.256000,0 days 00:00:20.536000
RUS,49.0,0 days 00:01:31.078000,6.0,0 days 02:02:09.431000,0 days 00:00:36.729000,0 days 00:00:37.545000,0 days 00:00:16.804000
RUS,50.0,0 days 00:01:13.349000,6.0,0 days 02:03:22.780000,0 days 00:00:18.945000,0 days 00:00:37.868000,0 days 00:00:16.536000
RUS,51.0,0 days 00:01:13.415000,5.0,0 days 02:04:36.195000,0 days 00:00:18.766000,0 days 00:00:37.838000,0 days 00:00:16.811000
RUS,52.0,0 days 00:01:13.097000,4.0,0 days 02:05:49.292000,0 days 00:00:18.687000,0 days 00:00:37.626000,0 days 00:00:16.784000
RUS,53.0,0 days 00:01:13.283000,4.0,0 days 02:07:02.575000,0 days 00:00:18.702000,0 days 00:00:37.725000,0 days 00:00:16.856000
RUS,54.0,0 days 00:01:13.601000,4.0,0 days 02:08:16.176000,0 days 00:00:18.775000,0 days 00:00:37.965000,0 days 00:00:16.861000
RUS,55.0,0 days 00:01:13.520000,3.0,0 days 02:09:29.696000,0 days 00:00:18.739000,0 days 00:00:37.790000,0 days 00:00:16.991000
RUS,56.0,0 days 00:01:13.466000,3.0,0 days 02:10:43.162000,0 days 00:00:18.685000,0 days 00:00:37.894000,0 days 00:00:16.887000
RUS,57.0,0 days 00:01:13.588000,3.0,0 days 02:11:56.750000,0 days 00:00:18.770000,0 days 00:00:37.870000,0 days 00:00:16.948000
RUS,58.0,0 days 00:01:13.747000,3.0,0 days 02:13:10.497000,0 days 00:00:18.862000,0 days 00:00:37.948000,0 days 00:00:16.937000
RUS,59.0,0 days 00:01:13.773000,3.0,0 days 02:14:24.270000,0 days 00:00:18.907000,0 days 00:00:37.962000,0 days 00:00:16.904000
RUS,60.0,0 days 00:01:13.737000,3.0,0 days 02:15:38.007000,0 days 00:00:18.862000,0 days 00:00:38.019000,0 days 00:00:16.856000
RUS,61.0,0 days 00:01:13.811000,3.0,0 days 02:16:51.818000,0 days 00:00:18.817000,0 days 00:00:38.028000,0 days 00:00:16.966000
RUS,62.0,0 days 00:01:13.762000,3.0,0 days 02:18:05.580000,0 days 00:00:18.803000,0 days 00:00:38.067000,0 days 00:00:16.892000
RUS,63.0,0 days 00:01:14.943000,4.0,0 days 02:19:20.523000,0 days 00:00:19.404000,0 days 00:00:38.528000,0 days 00:00:17.011000
RUS,64.0,0 days 00:01:13.960000,4.0,0 days 02:20:34.483000,0 days 00:00:18.943000,0 days 00:00:38.160000,0 days 00:00:16.857000
RUS,65.0,0 days 00:01:14.002000,4.0,0 days 02:21:48.485000,0 days 00:00:18.882000,0 days 00:00:38.144000,0 days 00:00:16.976000
RUS,66.0,0 days 00:01:13.975000,4.0,0 days 02:23:02.460000,0 days 00:00:18.848000,0 days 00:00:38.207000,0 days 00:00:16.920000
RUS,67.0,0 days 00:01:13.849000,4.0,0 days 02:24:16.309000,0 days 00:00:18.836000,0 days 00:00:38.147000,0 days 00:00:16.866000
RUS,68.0,0 days 00:01:14.049000,4.0,0 days 02:25:30.358000,0 days 00:00:18.905000,0 days 00:00:38.185000,0 days 00:00:16.959000
RUS,69.0,0 days 00:01:13.517000,4.0,0 days 02:26:43.875000,0 days 00:00:18.907000,0 days 00:00:37.744000,0 days 00:00:16.866000
RUS,70.0,0 days 00:01:13.759000,4.0,0 days 02:27:57.634000,0 days 00:00:18.788000,0 days 00:00:38.006000,0 days 00:00:16.965000
RUS,71.0,0 days 00:01:13.901000,4.0,0 days 02:29:11.535000,0 days 00:00:18.861000,0 days 00:00:38.211000,0 days 00:00:16.829000
PIA,1.0,0 days 00:01:20.531000,4.0,0 days 00:58:15.203000,,0 days 00:00:38.750000,0 days 00:00:16.859000
PIA,2.0,0 days 00:01:45.122000,4.0,0 days 01:00:00.325000,0 days 00:00:19.585000,0 days 00:01:05.290000,0 days 00:00:20.247000
PIA,3.0,0 days 00:01:51.843000,4.0,0 days 01:01:52.168000,0 days 00:00:24.237000,0 days 00:01:04.405000,0 days 00:00:23.201000
PIA,4.0,0 days 00:01:50.295000,4.0,0 days 01:03:42.463000,0 days 00:00:29.146000,0 days 00:00:57.854000,0 days 00:00:23.295000
PIA,5.0,0 days 00:02:00.693000,4.0,0 days 01:05:43.156000,0 days 00:00:29.934000,0 days 00:00:57.885000,0 days 00:00:32.874000
PIA,6.0,0 days 00:01:15.276000,2.0,0 days 01:06:58.432000,0 days 00:00:20.143000,0 days 00:00:38.147000,0 days 00:00:16.986000
PIA,7.0,0 days 00:01:40.689000,2.0,0 days 01:08:39.121000,0 days 00:00:24.749000,0 days 00:00:51.517000,0 days 00:00:24.423000
PIA,8.0,0 days 00:01:41.242000,2.0,0 days 01:10:20.363000,0 days 00:00:27.475000,0 days 00:00:51.800000,0 days 00:00:21.967000
PIA,9.0,0 days 00:01:14.319000,2.0,0 days 01:11:34.682000,0 days 00:00:19.367000,0 days 00:00:38.104000,0 days 00:00:16.848000
PIA,10.0,0 days 00:01:14.133000,2.0,0 days 01:12:48.815000,0 days 00:00:19.117000,0 days 00:00:38.128000,0 days 00:00:16.888000
PIA,11.0,0 days 00:01:14.615000,2.0,0 days 01:14:03.430000,0 days 00:00:19.221000,0 days 00:00:38.322000,0 days 00:00:17.072000
PIA,12.0,0 days 00:01:14.646000,2.0,0 days 01:15:18.076000,0 days 00:00:19.124000,0 days 00:00:38.404000,0 days 00:00:17.118000
PIA,13.0,0 days 00:01:14.704000,2.0,0 days 01:16:32.780000,0 days 00:00:19.125000,0 days 00:00:38.530000,0 days 00:00:17.049000
PIA,14.0,0 days 00:01:15.045000,2.0,0 days 01:17:47.825000,0 days 00:00:19.216000,0 days 00:00:38.633000,0 days 00:00:17.196000
PIA,15.0,0 days 00:01:14.968000,2.0,0 days 01:19:02.793000,0 days 00:00:19.172000,0 days 00:00:38.599000,0 days 00:00:17.197000
PIA,16.0,0 days 00:01:15.119000,2.0,0 days 01:20:17.912000,0 days 00:00:19.278000,0 days 00:00:38.597000,0 days 00:00:17.244000
PIA,17.0,0 days 00:01:15.224000,2.0,0 days 01:21:33.136000,0 days 00:00:19.232000,0 days 00:00:38.743000,0 days 00:00:17.249000
PIA,18.0,0 days 00:01:15.142000,2.0,0 days 01:22:48.278000,0 days 00:00:19.203000,0 days 00:00:38.685000,0 days 00:00:17.254000
PIA,19.0,0 days 00:01:15.104000,2.0,0 days 01:24:03.382000,0 days 00:00:19.277000,0 days 00:00:38.579000,0 days 00:00:17.248000
PIA,20.0,0 days 00:01:15.150000,2.0,0 days 01:25:18.532000,0 days 00:00:19.231000,0 days 00:00:38.623000,0 days 00:00:17.296000
PIA,21.0,0 days 00:01:14.803000,2.0,0 days 01:26:33.335000,0 days 00:00:19.066000,0 days 00:00:38.578000,0 days 00:00:17.159000
PIA,22.0,0 days 00:01:15.168000,2.0,0 days 01:27:48.503000,0 days 00:00:19.206000,0 days 00:00:38.791000,0 days 00:00:17.171000
PIA,23.0,0 days 00:01:15.009000,2.0,0 days 01:29:03.512000,0 days 00:00:19.131000,0 days 00:00:38.666000,0 days 00:00:17.212000
PIA,24.0,0 days 00:01:15.008000,2.0,0 days 01:30:18.520000,0 days 00:00:19.097000,0 days 00:00:38.734000,0 days 00:00:17.177000
PIA,25.0,0 days 00:01:15.281000,2.0,0 days 01:31:33.801000,0 days 00:00:19.202000,0 days 00:00:38.772000,0 days 00:00:17.307000
PIA,26.0,0 days 00:01:15.082000,2.0,0 days 01:32:48.883000,0 days 00:00:19.193000,0 days 00:00:38.671000,0 days 00:00:17.218000
PIA,27.0,0 days 00:01:15.009000,2.0,0 days 01:34:03.892000,0 days 00:00:19.240000,0 days 00:00:38.506000,0 days 00:00:17.263000
PIA,28.0,0 days 00:01:15.245000,2.0,0 days 01:35:19.137000,0 days 00:00:19.125000,0 days 00:00:38.760000,0 days 00:00:17.360000
PIA,29.0,0 days 00:01:15.115000,2.0,0 days 01:36:34.252000,0 days 00:00:19.133000,0 days 00:00:38.715000,0 days 00:00:17.267000
PIA,30.0,0 days 00:01:15.038000,2.0,0 days 01:37:49.290000,0 days 00:00:19.143000,0 days 00:00:38.696000,0 days 00:00:17.199000
PIA,31.0,0 days 00:01:14.992000,1.0,0 days 01:39:04.282000,0 days 00:00:19.094000,0 days 00:00:38.686000,0 days 00:00:17.212000
PIA,32.0,0 days 00:01:15.135000,1.0,0 days 01:40:19.417000,0 days 00:00:19.077000,0 days 00:00:38.778000,0 days 00:00:17.280000
PIA,33.0,0 days 00:01:14.870000,1.0,0 days 01:41:34.287000,0 days 00:00:19.060000,0 days 00:00:38.608000,0 days 00:00:17.202000
PIA,34.0,0 days 00:01:15.419000,1.0,0 days 01:42:49.706000,0 days 00:00:19.176000,0 days 00:00:39.024000,0 days 00:00:17.219000
PIA,35.0,0 days 00:01:15.048000,1.0,0 days 01:44:04.754000,0 days 00:00:19.299000,0 days 00:00:38.552000,0 days 00:00:17.197000
PIA,36.0,0 days 00:01:15.967000,1.0,0 days 01:45:20.721000,0 days 00:00:19.494000,0 days 00:00:39.174000,0 days 00:00:17.299000
PIA,37.0,0 days 00:01:15.096000,1.0,0 days 01:46:35.817000,0 days 00:00:19.094000,0 days 00:00:38.894000,0 days 00:00:17.108000
PIA,38.0,0 days 00:01:20.264000,1.0,0 days 01:47:56.081000,0 days 00:00:19.108000,0 days 00:00:38.912000,0 days 00:00:22.244000
PIA,39.0,0 days 00:01:43.296000,7.0,0 days 01:49:39.377000,0 days 00:00:48.419000,0 days 00:00:38.249000,0 days 00:00:16.628000
PIA,40.0,0 days 00:01:14.164000,6.0,0 days 01:50:53.541000,0 days 00:00:18.909000,0 days 00:00:38.476000,0 days 00:00:16.779000
PIA,41.0,0 days 00:01:13.477000,6.0,0 days 01:52:07.018000,0 days 00:00:18.836000,0 days 00:00:37.720000,0 days 00:00:16.921000
PIA,42.0,0 days 00:01:13.299000,6.0,0 days 01:53:20.317000,0 days 00:00:18.921000,0 days 00:00:37.554000,0 days 00:00:16.824000
PIA,43.0,0 days 00:01:13.156000,5.0,0 days 01:54:33.473000,0 days 00:00:18.748000,0 days 00:00:37.457000,0 days 00:00:16.951000
PIA,44.0,0 days 00:01:13.218000,5.0,0 days 01:55:46.691000,0 days 00:00:18.892000,0 days 00:00:37.464000,0 days 00:00:16.862000
PIA,45.0,0 days 00:01:13.530000,5.0,0 days 01:57:00.221000,0 days 00:00:18.857000,0 days 00:00:37.688000,0 days 00:00:16.985000
PIA,46.0,0 days 00:01:13.577000,5.0,0 days 01:58:13.798000,0 days 00:00:18.800000,0 days 00:00:37.828000,0 days 00:00:16.949000
PIA,47.0,0 days 00:01:13.988000,5.0,0 days 01:59:27.786000,0 days 00:00:19.031000,0 days 00:00:38.004000,0 days 00:00:16.953000
PIA,48.0,0 days 00:01:13.739000,4.0,0 days 02:00:41.525000,0 days 00:00:19.102000,0 days 00:00:37.602000,0 days 00:00:17.035000
PIA,49.0,0 days 00:01:13.806000,3.0,0 days 02:01:55.331000,0 days 00:00:18.921000,0 days 00:00:37.870000,0 days 00:00:17.015000
PIA,50.0,0 days 00:01:13.891000,3.0,0 days 02:03:09.222000,0 days 00:00:18.941000,0 days 00:00:37.877000,0 days 00:00:17.073000
PIA,51.0,0 days 00:01:17.965000,2.0,0 days 02:04:27.187000,0 days 00:00:18.935000,0 days 00:00:37.822000,0 days 00:00:21.208000
PIA,52.0,0 days 00:01:31.571000,7.0,0 days 02:05:58.758000,0 days 00:00:36.938000,0 days 00:00:37.980000,0 days 00:00:16.653000
PIA,53.0,0 days 00:01:12.970000,6.0,0 days 02:07:11.728000,0 days 00:00:18.824000,0 days 00:00:37.547000,0 days 00:00:16.599000
PIA,54.0,0 days 00:01:12.742000,6.0,0 days 02:08:24.470000,0 days 00:00:18.615000,0 days 00:00:37.373000,0 days 00:00:16.754000
PIA,55.0,0 days 00:01:14.159000,5.0,0 days 02:09:38.629000,0 days 00:00:18.671000,0 days 00:00:38.639000,0 days 00:00:16.849000
PIA,56.0,0 days 00:01:12.853000,5.0,0 days 02:10:51.482000,0 days 00:00:18.736000,0 days 00:00:37.324000,0 days 00:00:16.793000
PIA,57.0,0 days 00:01:12.978000,5.0,0 days 02:12:04.460000,0 days 00:00:18.764000,0 days 00:00:37.463000,0 days 00:00:16.751000
PIA,58.0,0 days 00:01:13.089000,5.0,0 days 02:13:17.549000,0 days 00:00:18.834000,0 days 00:00:37.402000,0 days 00:00:16.853000
PIA,59.0,0 days 00:01:13.015000,5.0,0 days 02:14:30.564000,0 days 00:00:18.872000,0 days 00:00:37.308000,0 days 00:00:16.835000
PIA,60.0,0 days 00:01:13.264000,5.0,0 days 02:15:43.828000,0 days 00:00:18.800000,0 days 00:00:37.501000,0 days 00:00:16.963000
PIA,61.0,0 days 00:01:13.100000,5.0,0 days 02:16:56.928000,0 days 00:00:18.717000,0 days 00:00:37.474000,0 days 00:00:16.909000
PIA,62.0,0 days 00:01:13.075000,5.0,0 days 02:18:10.003000,0 days 00:00:18.703000,0 days 00:00:37.507000,0 days 00:00:16.865000
PIA,63.0,0 days 00:01:13.196000,5.0,0 days 02:19:23.199000,0 days 00:00:18.770000,0 days 00:00:37.447000,0 days 00:00:16.979000
PIA,64.0,0 days 00:01:13.094000,5.0,0 days 02:20:36.293000,0 days 00:00:18.839000,0 days 00:00:37.459000,0 days 00:00:16.796000
PIA,65.0,0 days 00:01:13.576000,5.0,0 days 02:21:49.869000,0 days 00:00:18.740000,0 days 00:00:37.938000,0 days 00:00:16.898000
PIA,66.0,0 days 00:01:13.793000,5.0,0 days 02:23:03.662000,0 days 00:00:18.795000,0 days 00:00:38.125000,0 days 00:00:16.873000
PIA,67.0,0 days 00:01:13.734000,5.0,0 days 02:24:17.396000,0 days 00:00:18.857000,0 days 00:00:38.111000,0 days 00:00:16.766000
PIA,68.0,0 days 00:01:13.661000,5.0,0 days 02:25:31.057000,0 days 00:00:18.934000,0 days 00:00:38.083000,0 days 00:00:16.644000
PIA,69.0,0 days 00:01:13.342000,5.0,0 days 02:26:44.399000,0 days 00:00:18.663000,0 days 00:00:38.098000,0 days 00:00:16.581000
PIA,70.0,0 days 00:01:13.702000,5.0,0 days 02:27:58.101000,0 days 00:00:18.803000,0 days 00:00:38.093000,0 days 00:00:16.806000
PIA,71.0,0 days 00:01:13.916000,5.0,0 days 02:29:12.017000,0 days 00:00:18.798000,0 days 00:00:38.320000,0 days 00:00:16.798000
BEA,1.0,0 days 00:01:23.362000,9.0,0 days 00:58:18.034000,,0 days 00:00:40.536000,0 days 00:00:16.985000
BEA,2.0,0 days 00:01:49.412000,8.0,0 days 01:00:07.446000,0 days 00:00:19.444000,0 days 00:01:09.250000,0 days 00:00:20.718000
BEA,3.0,0 days 00:01:52.534000,8.0,0 days 01:01:59.980000,0 days 00:00:24.943000,0 days 00:01:02.861000,0 days 00:00:24.730000
BEA,4.0,0 days 00:01:48.538000,8.0,0 days 01:03:48.518000,0 days 00:00:26.549000,0 days 00:00:59.668000,0 days 00:00:22.321000
BEA,5.0,0 days 00:01:55.429000,8.0,0 days 01:05:43.947000,0 days 00:00:29.740000,0 days 00:00:54.993000,0 days 00:00:30.696000
BEA,6.0,0 days 00:01:18.071000,7.0,0 days 01:07:02.018000,0 days 00:00:20.573000,0 days 00:00:40.267000,0 days 00:00:17.231000
BEA,7.0,0 days 00:01:42.672000,7.0,0 days 01:08:44.690000,0 days 00:00:29.830000,0 days 00:00:48.345000,0 days 00:00:24.497000
BEA,8.0,0 days 00:01:39.712000,7.0,0 days 01:10:24.402000,0 days 00:00:27.263000,0 days 00:00:52.505000,0 days 00:00:19.944000
BEA,9.0,0 days 00:01:15.380000,7.0,0 days 01:11:39.782000,0 days 00:00:19.656000,0 days 00:00:38.752000,0 days 00:00:16.972000
BEA,10.0,0 days 00:01:14.312000,7.0,0 days 01:12:54.094000,0 days 00:00:19.076000,0 days 00:00:38.292000,0 days 00:00:16.944000
BEA,11.0,0 days 00:01:14.717000,7.0,0 days 01:14:08.811000,0 days 00:00:19.058000,0 days 00:00:38.577000,0 days 00:00:17.082000
BEA,12.0,0 days 00:01:15.664000,7.0,0 days 01:15:24.475000,0 days 00:00:19.290000,0 days 00:00:39.301000,0 days 00:00:17.073000
BEA,13.0,0 days 00:01:15.510000,6.0,0 days 01:16:39.985000,0 days 00:00:19.348000,0 days 00:00:38.806000,0 days 00:00:17.356000
BEA,14.0,0 days 00:01:15.644000,6.0,0 days 01:17:55.629000,0 days 00:00:19.386000,0 days 00:00:38.896000,0 days 00:00:17.362000
BEA,15.0,0 days 00:01:15.723000,6.0,0 days 01:19:11.352000,0 days 00:00:19.460000,0 days 00:00:38.903000,0 days 00:00:17.360000
BEA,16.0,0 days 00:01:15.978000,6.0,0 days 01:20:27.330000,0 days 00:00:19.482000,0 days 00:00:39.183000,0 days 00:00:17.313000
BEA,17.0,0 days 00:01:20.163000,9.0,0 days 01:21:47.493000,0 days 00:00:19.479000,0 days 00:00:39.224000,0 days 00:00:21.460000
BEA,18.0,0 days 00:01:31.777000,15.0,0 days 01:23:19.270000,0 days 00:00:37.587000,0 days 00:00:37.462000,0 days 00:00:16.728000
BEA,19.0,0 days 00:01:13.823000,13.0,0 days 01:24:33.093000,0 days 00:00:18.926000,0 days 00:00:37.935000,0 days 00:00:16.962000
BEA,20.0,0 days 00:01:14.213000,12.0,0 days 01:25:47.306000,0 days 00:00:19.132000,0 days 00:00:37.939000,0 days 00:00:17.142000
BEA,21.0,0 days 00:01:14.350000,12.0,0 days 01:27:01.656000,0 days 00:00:19.077000,0 days 00:00:38.219000,0 days 00:00:17.054000
BEA,22.0,0 days 00:01:14.702000,12.0,0 days 01:28:16.358000,0 days 00:00:19.147000,0 days 00:00:38.428000,0 days 00:00:17.127000
BEA,23.0,0 days 00:01:14.452000,12.0,0 days 01:29:30.810000,0 days 00:00:19.152000,0 days 00:00:38.251000,0 days 00:00:17.049000
BEA,24.0,0 days 00:01:14.640000,11.0,0 days 01:30:45.450000,0 days 00:00:19.107000,0 days 00:00:38.496000,0 days 00:00:17.037000
BEA,25.0,0 days 00:01:15.158000,10.0,0 days 01:32:00.608000,0 days 00:00:19.179000,0 days 00:00:39.021000,0 days 00:00:16.958000
BEA,26.0,0 days 00:01:15.098000,10.0,0 days 01:33:15.706000,0 days 00:00:19.119000,0 days 00:00:38.892000,0 days 00:00:17.087000
BEA,27.0,0 days 00:01:15.099000,9.0,0 days 01:34:30.805000,0 days 00:00:19.217000,0 days 00:00:38.697000,0 days 00:00:17.185000
BEA,28.0,0 days 00:01:15.303000,8.0,0 days 01:35:46.108000,0 days 00:00:19.155000,0 days 00:00:39.052000,0 days 00:00:17.096000
BEA,29.0,0 days 00:01:15.090000,8.0,0 days 01:37:01.198000,0 days 00:00:19.187000,0 days 00:00:38.452000,0 days 00:00:17.451000
BEA,30.0,0 days 00:01:14.906000,8.0,0 days 01:38:16.104000,0 days 00:00:19.194000,0 days 00:00:38.544000,0 days 00:00:17.168000
BEA,31.0,0 days 00:01:14.756000,8.0,0 days 01:39:30.860000,0 days 00:00:19.095000,0 days 00:00:38.476000,0 days 00:00:17.185000
BEA,32.0,0 days 00:01:15.310000,8.0,0 days 01:40:46.170000,0 days 00:00:19.139000,0 days 00:00:38.879000,0 days 00:00:17.292000
BEA,33.0,0 days 00:01:14.860000,8.0,0 days 01:42:01.030000,0 days 00:00:19.218000,0 days 00:00:38.555000,0 days 00:00:17.087000
BEA,34.0,0 days 00:01:16.043000,8.0,0 days 01:43:17.073000,0 days 00:00:19.143000,0 days 00:00:39.965000,0 days 00:00:16.935000
BEA,35.0,0 days 00:01:14.901000,5.0,0 days 01:44:31.974000,0 days 00:00:19.221000,0 days 00:00:38.638000,0 days 00:00:17.042000
BEA,36.0,0 days 00:01:14.768000,4.0,0 days 01:45:46.742000,0 days 00:00:19.208000,0 days 00:00:38.594000,0 days 00:00:16.966000
BEA,37.0,0 days 00:01:15.095000,5.0,0 days 01:47:01.837000,0 days 00:00:18.957000,0 days 00:00:39.015000,0 days 00:00:17.123000
BEA,38.0,0 days 00:01:14.738000,5.0,0 days 01:48:16.575000,0 days 00:00:19.149000,0 days 00:00:38.472000,0 days 00:00:17.117000
BEA,39.0,0 days 00:01:14.608000,4.0,0 days 01:49:31.183000,0 days 00:00:19.069000,0 days 00:00:38.416000,0 days 00:00:17.123000
BEA,40.0,0 days 00:01:14.487000,4.0,0 days 01:50:45.670000,0 days 00:00:19.031000,0 days 00:00:38.332000,0 days 00:00:17.124000
BEA,41.0,0 days 00:01:14.390000,4.0,0 days 01:52:00.060000,0 days 00:00:19.072000,0 days 00:00:38.200000,0 days 00:00:17.118000
BEA,42.0,0 days 00:01:18.073000,5.0,0 days 01:53:18.133000,0 days 00:00:19.062000,0 days 00:00:38.188000,0 days 00:00:20.823000
BEA,43.0,0 days 00:01:33.749000,11.0,0 days 01:54:51.882000,0 days 00:00:38.526000,0 days 00:00:38.263000,0 days 00:00:16.960000
BEA,44.0,0 days 00:01:13.987000,11.0,0 days 01:56:05.869000,0 days 00:00:19.046000,0 days 00:00:38.153000,0 days 00:00:16.788000
BEA,45.0,0 days 00:01:13.910000,10.0,0 days 01:57:19.779000,0 days 00:00:18.915000,0 days 00:00:38.121000,0 days 00:00:16.874000
BEA,46.0,0 days 00:01:13.600000,10.0,0 days 01:58:33.379000,0 days 00:00:19.022000,0 days 00:00:37.851000,0 days 00:00:16.727000
BEA,47.0,0 days 00:01:14.101000,8.0,0 days 01:59:47.480000,0 days 00:00:18.856000,0 days 00:00:38.249000,0 days 00:00:16.996000
BEA,48.0,0 days 00:01:13.483000,8.0,0 days 02:01:00.963000,0 days 00:00:19.014000,0 days 00:00:37.734000,0 days 00:00:16.735000
BEA,49.0,0 days 00:01:14.774000,7.0,0 days 02:02:15.737000,0 days 00:00:19.496000,0 days 00:00:38.235000,0 days 00:00:17.043000
BEA,50.0,0 days 00:01:14.083000,7.0,0 days 02:03:29.820000,0 days 00:00:19.136000,0 days 00:00:37.953000,0 days 00:00:16.994000
BEA,51.0,0 days 00:01:13.992000,7.0,0 days 02:04:43.812000,0 days 00:00:18.984000,0 days 00:00:37.994000,0 days 00:00:17.014000
BEA,52.0,0 days 00:01:13.961000,6.0,0 days 02:05:57.773000,0 days 00:00:18.926000,0 days 00:00:38.021000,0 days 00:00:17.014000
BEA,53.0,0 days 00:01:14.018000,7.0,0 days 02:07:11.791000,0 days 00:00:19.020000,0 days 00:00:37.892000,0 days 00:00:17.106000
BEA,54.0,0 days 00:01:14.684000,7.0,0 days 02:08:26.475000,0 days 00:00:19.164000,0 days 00:00:38.432000,0 days 00:00:17.088000
BEA,55.0,0 days 00:01:14.243000,7.0,0 days 02:09:40.718000,0 days 00:00:19.060000,0 days 00:00:38.129000,0 days 00:00:17.054000
BEA,56.0,0 days 00:01:14.203000,7.0,0 days 02:10:54.921000,0 days 00:00:19.134000,0 days 00:00:38.103000,0 days 00:00:16.966000
BEA,57.0,0 days 00:01:14.062000,6.0,0 days 02:12:08.983000,0 days 00:00:19.035000,0 days 00:00:37.942000,0 days 00:00:17.085000
BEA,58.0,0 days 00:01:14.363000,6.0,0 days 02:13:23.346000,0 days 00:00:19.083000,0 days 00:00:38.227000,0 days 00:00:17.053000
BEA,59.0,0 days 00:01:14.197000,6.0,0 days 02:14:37.543000,0 days 00:00:19.113000,0 days 00:00:38.032000,0 days 00:00:17.052000
BEA,60.0,0 days 00:01:14.080000,6.0,0 days 02:15:51.623000,0 days 00:00:19.004000,0 days 00:00:37.996000,0 days 00:00:17.080000
BEA,61.0,0 days 00:01:13.777000,6.0,0 days 02:17:05.400000,0 days 00:00:18.944000,0 days 00:00:37.835000,0 days 00:00:16.998000
BEA,62.0,0 days 00:01:13.975000,6.0,0 days 02:18:19.375000,0 days 00:00:19.014000,0 days 00:00:37.872000,0 days 00:00:17.089000
BEA,63.0,0 days 00:01:14.014000,6.0,0 days 02:19:33.389000,0 days 00:00:19.037000,0 days 00:00:37.917000,0 days 00:00:17.060000
BEA,64.0,0 days 00:01:13.520000,6.0,0 days 02:20:46.909000,0 days 00:00:18.996000,0 days 00:00:37.671000,0 days 00:00:16.853000
BEA,65.0,0 days 00:01:13.987000,6.0,0 days 02:22:00.896000,0 days 00:00:18.911000,0 days 00:00:38.074000,0 days 00:00:17.002000
BEA,66.0,0 days 00:01:13.974000,6.0,0 days 02:23:14.870000,0 days 00:00:19.025000,0 days 00:00:37.972000,0 days 00:00:16.977000
BEA,67.0,0 days 00:01:13.694000,6.0,0 days 02:24:28.564000,0 days 00:00:18.910000,0 days 00:00:37.919000,0 days 00:00:16.865000
BEA,68.0,0 days 00:01:13.952000,6.0,0 days 02:25:42.516000,0 days 00:00:19.063000,0 days 00:00:37.896000,0 days 00:00:16.993000
BEA,69.0,0 days 00:01:13.813000,6.0,0 days 02:26:56.329000,0 days 00:00:18.995000,0 days 00:00:37.811000,0 days 00:00:17.007000
BEA,70.0,0 days 00:01:14.317000,6.0,0 days 02:28:10.646000,0 days 00:00:19.096000,0 days 00:00:37.954000,0 days 00:00:17.267000
BEA,71.0,0 days 00:01:15.252000,6.0,0 days 02:29:25.898000,0 days 00:00:19.626000,0 days 00:00:38.346000,0 days 00:00:17.280000
